player_name,position,prior_2025,epa_per_game,games_played,total_epa_2022_2024
J.Allen,QB,6.516133447432328,9.628607828347263,37,356.2584896488488
P.Mahomes,QB,6.0774624812329385,9.001935019490993,39,351.07546576014875
L.Jackson,QB,5.477817983748782,8.145300023085055,31,252.5043007156367
J.Daniels,QB,4.99350173229646,7.453419663867452,20,149.06839327734903
T.Tagovailoa,QB,4.984295528475445,7.440267944123145,24,178.56643065895548
J.Goff,QB,4.945359361052135,7.384644847804131,35,258.46256967314457
J.Hurts,QB,4.662347139493533,6.980341674148985,37,258.27264194351244
J.Burrow,QB,4.490918051451508,6.735442976946091,36,242.47594717005927
B.Purdy,QB,4.012930846649481,6.052604112943197,27,163.4203110494663
A.St. Brown,WR/TE,3.63872467110751,5.001005320500103,34,170.0341808970035
J.Garoppolo,QB,3.368504182630399,5.131994592915936,12,61.58393511499123
L.McConkey,WR/TE,3.1841985936001374,4.351682352632428,17,73.97859999475126
P.Nacua,WR/TE,2.915330282288017,3.967584765043685,13,51.57860194556791
T.Higgins,WR/TE,2.9071762617579755,3.9559361642864825,29,114.722148764308
S.Diggs,WR/TE,2.8566987954934504,3.883825498194304,26,100.9794629530519
J.Chase,WR/TE,2.7720512774308745,3.762900472390624,32,120.41281511649996
D.Smith,WR/TE,2.768728963202548,3.7581543092073,37,139.0517094406701
J.Jefferson,WR/TE,2.7538396995160066,3.7368839325122414,38,142.0015894354652
G.Kittle,WR/TE,2.6709460906233145,3.618464491236967,33,119.40932821081992
J.Waddle,WR/TE,2.650690724199358,3.5895282534884574,33,118.45443236511908
T.McLaurin,WR/TE,2.593970599424668,3.5084995038103286,37,129.81448164098217
B.Thomas,WR/TE,2.477274575325005,3.3417908979536675,17,56.81044526521234
T.Kelce,WR/TE,2.2835254698267646,3.0650064615276102,39,119.5352519995768
D.Goedert,WR/TE,2.2649265158280696,3.03843652724376,29,88.11465929006904
J.Smith-Njigba,WR/TE,2.2262728487594994,2.983217002860088,17,50.71468904862149
M.Nabers,WR/TE,2.199328167076115,2.9447246004552534,15,44.1708690068288
A.Brown,WR/TE,2.195514716716691,2.939276814227505,39,114.6317957548727
C.Godwin,WR/TE,2.1806899928052634,2.9180986372111795,23,67.11626865585713
J.Coker,WR/TE,2.071631737788863,2.7623011300448934,11,30.385312430493823
Z.Flowers,WR/TE,2.0651996805211468,2.7531124768052986,17,46.80291210569008
J.Jeudy,WR/TE,2.056074643052506,2.7400767089929547,32,87.68245468777455
G.Pickens,WR/TE,1.931070942289207,2.5614999936168137,32,81.96799979573804
M.Evans,WR/TE,1.9141188403904688,2.537282705190045,31,78.65576386089138
J.Love,QB,1.9132109091570433,3.053004202239713,21,64.11308824703399
J.Gibbs,RB,1.903744705848665,2.971053890434844,18,53.47897002782719
C.Lamb,WR/TE,1.8905018655797068,2.503544169746099,34,85.12050177136737
T.Hill,WR/TE,1.8586537976277895,2.4580469298147887,59,145.02476885907254
J.Meyers,WR/TE,1.8356194968219748,2.425140785806482,29,70.32908278838798
D.Vele,WR/TE,1.823993856516294,2.408532728226938,14,33.71945819517713
T.Kraft,WR/TE,1.8207866495103238,2.403951003932695,18,43.2711180707885
N.Collins,WR/TE,1.8147544336241457,2.395333552666726,24,57.48800526400143
M.Andrews,WR/TE,1.7904032221932513,2.3605461077654484,35,82.6191137717907
J.Reed,WR/TE,1.7593606278670952,2.316199544442368,18,41.69159179996262
B.Aiyuk,WR/TE,1.7550378854626216,2.310024198150263,27,62.370653350057104
X.Worthy,WR/TE,1.7476587040848235,2.299482510467694,19,43.69016769888619
T.McBride,WR/TE,1.7443545734670423,2.294762323870864,25,57.3690580967716
R.Bateman,WR/TE,1.732175277217488,2.2773633292286437,24,54.65671990148744
T.Lawrence,QB,1.7142867003555713,2.768826761094753,29,80.29597607174784
D.Mooney,WR/TE,1.6254615810799196,2.12491519188926,27,57.37271018101002
K.Shakir,WR/TE,1.6244584625776346,2.1234821654574243,30,63.70446496372273
J.Addison,WR/TE,1.6239758472986823,2.122792715058921,16,33.964683440942736
C.Sutton,WR/TE,1.6214756805523496,2.1192210482784457,32,67.81507354491026
B.Nix,QB,1.618566966677886,2.632084284412345,18,47.37751711942221
C.Watson,WR/TE,1.5799031244094364,2.0598316823599983,28,57.67528710607995
D.Prescott,QB,1.5424858533327244,2.523396979633543,22,55.51473355193795
A.Thielen,WR/TE,1.5102444783395383,1.9603193308315725,28,54.888941263284025
M.Hardman,WR/TE,1.5093849264527681,1.959091399564758,16,31.34546239303613
S.LaPorta,WR/TE,1.4970814916058042,1.9415150640690952,17,33.00575608917462
J.Herbert,QB,1.4878811753686934,2.4453902968277843,36,88.03405068580024
J.Jennings,WR/TE,1.4627952402382127,1.892534704972536,33,62.45364526409369
J.Smith,WR/TE,1.4570075982822763,1.884266645035484,35,65.94933257624193
Z.Ertz,WR/TE,1.4454076419187307,1.8676952788018475,30,56.03085836405542
A.Pierce,WR/TE,1.444656646656652,1.8666224284274493,32,59.73191770967838
D.Carr,QB,1.427015707477971,2.3584396284124667,25,58.96099071031167
M.Hollins,WR/TE,1.425418990050866,1.839140061847755,36,66.20904222651917
R.Shaheed,WR/TE,1.4094338133018265,1.8163040950634128,17,30.87716961607801
K.Murray,QB,1.3795096900200823,2.2905738891869114,28,64.13606889723351
J.Downs,WR/TE,1.3742632288174808,1.7660604029429188,14,24.72484564120086
R.Cobb,WR/TE,1.353050675192731,1.735756754907562,13,22.564837813798302
Z.Jones,WR/TE,1.3341912239845066,1.708814681752956,24,41.011552362070944
M.Goodwin,WR/TE,1.327450499801039,1.6991850757765736,12,20.390220909318884
J.Smith-Schuster,WR/TE,1.3271677781438447,1.6987811876948673,33,56.05977919393062
A.Cooper,WR/TE,1.3083678908562002,1.6719242058553754,33,55.17349879322739
M.Williams,WR/TE,1.3036159524961057,1.6651357224838117,30,49.95407167451435
M.Harrison,WR/TE,1.2625041243122526,1.6064045393640216,17,27.308877169188367
J.Palmer,WR/TE,1.2555895581033854,1.5965265876370685,32,51.08885080438619
D.Adams,WR/TE,1.2472176075736914,1.5845666583089342,31,49.12156640757696
D.Slayton,WR/TE,1.2465493043173224,1.5836119393712642,31,49.09197012050919
G.Wilson,WR/TE,1.2375347990743761,1.5707340747384837,34,53.40495854110844
C.Kolar,WR/TE,1.229868474770259,1.5597821828754594,8,12.478257463003676
K.Hodge,WR/TE,1.2290098145302741,1.5585555253897665,14,21.81977735545673
N.Mullens,QB,1.226513257716595,2.0720075573247865,8,16.576060458598292
R.James,WR/TE,1.2259183335286747,1.5541391239589102,16,24.866225983342563
B.Mayfield,QB,1.2252623738090433,2.0702205803139986,30,62.106617409419954
B.Bowers,WR/TE,1.2186286194846039,1.5437252467530949,17,26.24332919480261
Q.Johnston,WR/TE,1.2100866599150202,1.5315224473679752,16,24.504359157887603
C.Ridley,WR/TE,1.2029559991384886,1.5213357891157873,17,25.862708414968385
K.Hinton,WR/TE,1.1934448776493642,1.5077484727027526,11,16.58523319973028
B.Irving,RB,1.1930162812911629,1.9557275696384124,18,35.203096253491424
O.Zaccheaus,WR/TE,1.190190142891619,1.5030988516202592,34,51.10536095508881
T.Lockett,WR/TE,1.1548139626602205,1.45256145128969,34,49.38708934384946
K.Raymond,WR/TE,1.1459587260638722,1.4399111132949065,27,38.87760005896248
A.Iosivas,WR/TE,1.1247537964797096,1.409618356746103,17,23.963512064683748
K.Coleman,WR/TE,1.1225022943941587,1.406401925195316,16,22.50243080312506
T.Dell,WR/TE,1.1197911622608783,1.4025288792906294,14,19.63540431006881
R.Tannehill,QB,1.116590304392519,1.9149747668618209,12,22.97969720234185
J.Nailor,WR/TE,1.1123519801895458,1.3919014763315831,21,29.22993100296325
D.London,WR/TE,1.1088868618339405,1.386951307252147,34,47.156344446573
K.Boutte,WR/TE,1.1057254670166121,1.382435028941678,15,20.73652543412517
C.Austin,WR/TE,1.0950178310000773,1.367138406060914,18,24.60849130909645
C.Kirk,WR/TE,1.087970460986721,1.3570707346132618,27,36.64090983455807
B.Strange,WR/TE,1.0853816397023062,1.3533724184926694,14,18.94721385889737
D.Douglas,WR/TE,1.08133296568775,1.3475885984718747,16,21.56141757555
A.Lazard,WR/TE,1.0771289026380944,1.341582794115224,27,36.22273544111104
D.Parker,WR/TE,1.050794177273632,1.3039617578802778,12,15.647541094563334
I.Hodgins,WR/TE,1.0428373365824908,1.292594842607219,13,16.803732953893846
J.Tolbert,WR/TE,1.0418197869942831,1.291141200338351,19,24.531682806428663
J.Jones,WR/TE,1.0243368752643158,1.2661656121526832,11,13.927821733679515
P.Freiermuth,WR/TE,1.022218967670503,1.2631400298758078,33,41.683620985901655
C.Kupp,WR/TE,1.021847391787032,1.262609207185135,23,29.040011765258104
D.Metcalf,WR/TE,1.0208290096159465,1.2611543755121557,33,41.61809439190113
E.Engram,WR/TE,1.018972153923464,1.2585017245228949,28,35.23804828664105
J.Mitchell,WR/TE,1.013872486928135,1.2512164859581392,8,10.009731887665112
T.Boyd,WR/TE,0.9815877415932669,1.205095421194042,34,40.97324432059743
C.Kmet,WR/TE,0.9800385396849144,1.2028822756106812,32,38.4922328195418
C.Olave,WR/TE,0.9667279945258463,1.1838672110977269,23,27.22894585524772
H.Henry,WR/TE,0.966279612978397,1.1832266660299422,32,37.86325331295815
M.Mims,WR/TE,0.9608977644696942,1.1755383110175095,17,19.98415128729766
S.Darnold,QB,0.9545046039289425,1.683423766199569,24,40.402170388789656
K.Toney,WR/TE,0.9538087592419253,1.1654111606921254,14,16.315756249689755
T.Marshall,WR/TE,0.9500606096667671,1.1600566612990422,18,20.88101990338276
S.Tucker,RB,0.9406638276895956,1.5952240644933162,11,17.547464709426478
D.Duvernay,WR/TE,0.9395689159132615,1.1450685273654628,24,27.48164465677111
A.Hooper,WR/TE,0.9379857589509498,1.1428068745621605,34,38.85543373511346
P.Washington,WR/TE,0.9220537518929511,1.1200468644793051,12,13.440562373751662
T.Hockenson,WR/TE,0.9201050020449145,1.117262936124967,29,32.40062514762405
B.Pringle,WR/TE,0.9160006604510773,1.111399590990914,8,8.891196727927312
R.Doubs,WR/TE,0.8895150950055019,1.0735630689258062,27,28.98620286099677
M.Valdes-Scantling,WR/TE,0.8879096763986092,1.0712696137731024,33,35.35189725451238
W.Dissly,WR/TE,0.8855404459645797,1.067884998867346,31,33.10443496488772
D.Peoples-Jones,WR/TE,0.8803359262784388,1.0604499707442876,17,18.02764950265289
J.Akins,WR/TE,0.8709293010682272,1.0470119347296996,31,32.45736997662068
J.McMillan,WR/TE,0.8567883149602095,1.02681052600396,14,14.37534736405544
S.Watkins,WR/TE,0.8499130470372043,1.016988714685381,10,10.169887146853814
T.Irwin,WR/TE,0.8442786624643334,1.008939593866994,15,15.134093908004912
M.Gesicki,WR/TE,0.8366406448190427,0.9980281400880072,34,33.93295676299225
J.Reynolds,WR/TE,0.8342518474023681,0.9946155723499008,20,19.89231144699801
Ty.Johnson,RB,0.8240573250855272,1.4286433464875044,20,28.572866929750088
R.Odunze,WR/TE,0.8230747429504144,0.9786482802756812,17,16.63702076468658
F.Moreau,WR/TE,0.8219087444120607,0.9769825680780332,29,28.332494474262965
I.Likely,WR/TE,0.8205652158226069,0.9750632415216705,31,30.22696048717178
J.Oliver,WR/TE,0.8104943873086886,0.9606763436446444,25,24.016908591116103
M.Mariota,QB,0.810377415826563,1.4775277831961695,18,26.59550009753105
P.Hesse,WR/TE,0.8044142527492916,0.95199043713122,9,8.567913934180979
S.Shepard,WR/TE,0.8027017861567217,0.9495440562846916,16,15.192704900555064
D.Knox,WR/TE,0.8011026060791614,0.9472595133167484,34,32.20682345276945
L.Schoonmaker,WR/TE,0.7964350010730902,0.940591506165218,10,9.40591506165218
C.Uzomah,WR/TE,0.7942319101840032,0.9374442334665224,12,11.249330801598267
D.Kincaid,WR/TE,0.7912127032039218,0.9331310806378346,16,14.930097290205351
G.Calcaterra,WR/TE,0.7862744988403937,0.9260765029756516,19,17.595453556537382
D.Moore,WR/TE,0.7836056599307647,0.922263875961896,47,43.34640217020911
R.Pearsall,WR/TE,0.7818026064304027,0.919688085247093,10,9.19688085247093
D.Jones,QB,0.7798617270062175,1.4339339420242474,28,40.15015037667893
D.Bellinger,WR/TE,0.7784083263490706,0.914839113702333,20,18.29678227404666
C.Davis,WR/TE,0.7746292075563893,0.9094403725699312,13,11.822724843409109
D.Henry,RB,0.7738104455975501,1.3568620900761086,35,47.4901731526638
Al.Robinson,WR/TE,0.768245294854869,0.900320497282045,10,9.00320497282045
H.Hurst,WR/TE,0.7681559239604207,0.9001928245756902,23,20.704434965240875
N.Gray,WR/TE,0.7647127713769828,0.8952740351707789,38,34.0204133364896
T.Tucker,WR/TE,0.7561875244854639,0.8830951110400377,17,15.01261688768064
Ju.Watson,WR/TE,0.7467246105793697,0.8695766626027601,36,31.30475985369937
B.Wright,WR/TE,0.7433590857048276,0.8647687699248429,23,19.889681708271382
L.Shenault,WR/TE,0.7299922196424221,0.8456732469785494,18,15.222118445613887
G.Dortch,WR/TE,0.729418309326353,0.8448533750984506,28,23.655894502756617
M.Wilcox,WR/TE,0.7259344002877038,0.8398763621860946,11,9.23863998404704
T.Wallace,WR/TE,0.7241374724492935,0.8373093224169371,15,12.559639836254055
I.McKenzie,WR/TE,0.7200583097012191,0.8314819470625451,16,13.30371115300072
N.Fant,WR/TE,0.7127374990762878,0.8210236461697861,32,26.272756677433154
J.Dotson,WR/TE,0.7045545627234425,0.8093337370942928,28,22.6613446386402
K.Cousins,QB,0.7017105724919288,1.3222894355752637,32,42.31326193840843
A.Barner,WR/TE,0.6923530224532946,0.7919029652797958,14,11.08664151391714
R.McCloud,WR/TE,0.6858901011525451,0.7826702205644394,31,24.26277683749762
J.Sanders,WR/TE,0.6817138343995788,0.7767041252030589,15,11.650561878045885
T.Taylor,QB,0.6797263698428283,1.2908834317908344,11,14.19971774969918
T.Atwell,WR/TE,0.6781911165632747,0.7716716711511958,28,21.606806792233485
D.Chark,WR/TE,0.6760228535115931,0.7685741525059365,16,12.297186440094984
K.Osborn,WR/TE,0.6742380013010623,0.7660243636337496,24,18.38458472720999
N.Adkins,WR/TE,0.6677409875581862,0.7567429154296409,12,9.08091498515569
T.Brady,QB,0.6600731442822603,1.2628073952757373,18,22.730533114963272
R.Gage,WR/TE,0.6588415981703917,0.7440295020185059,14,10.416413028259084
D.Hopkins,WR/TE,0.6571991992191644,0.7416832178024668,28,20.76713009846907
T.Higbee,WR/TE,0.6545666567802557,0.7379224428897402,21,15.496371300684544
M.Pittman,WR/TE,0.649071644096037,0.7300724247694278,32,23.36231759262169
D.Brown,WR/TE,0.6401851730876698,0.717377466186046,25,17.93443665465115
C.Moore,WR/TE,0.6328686733104126,0.7069253236471073,17,12.017730502000823
S.Smartt,WR/TE,0.6305066364907304,0.7035509853332754,10,7.035509853332754
C.Otton,WR/TE,0.6293663514329979,0.7019220066793719,30,21.05766020038116
K.Cole,WR/TE,0.6292880204874951,0.7018101053286536,9,6.316290947957882
K.Bourne,WR/TE,0.6196984979843679,0.6881107874670433,28,19.267102049077213
E.Higgins,WR/TE,0.6145708434251493,0.6807855666681596,14,9.530997933354234
D.Njoku,WR/TE,0.613139450542164,0.6787407196924663,25,16.968517992311657
J.Cook,RB,0.6101908761729924,1.123119848041026,37,41.55543437751796
T.Hudson,WR/TE,0.6038608729866314,0.6654856088988483,15,9.982284133482723
V.Jefferson,WR/TE,0.602846709042065,0.6640368032637535,26,17.26495688485759
E.All,WR/TE,0.5972425115277055,0.6560308068146684,8,5.248246454517347
T.Patrick,WR/TE,0.5971737786390504,0.6559326169737326,16,10.494921871579722
J.Whyle,WR/TE,0.5889026814056205,0.6441167637831186,14,9.01763469296366
T.Smith,WR/TE,0.5858745745305457,0.6397908968187259,10,6.397908968187259
D.Byrd,WR/TE,0.5789323055774017,0.6298733697428059,12,7.558480436913672
I.Davis,RB,0.5781010119945307,1.077277184928938,9,9.695494664360442
C.Samuel,WR/TE,0.5708804984905587,0.618370788190173,34,21.02460679846588
D.Waller,WR/TE,0.5667154421053591,0.6124207076398879,8,4.899365661119103
R.Miller,WR/TE,0.5622092174295035,0.6059832438172369,8,4.847865950537895
J.Stoll,WR/TE,0.5549486418098737,0.5956109929320516,12,7.147331915184619
T.Palmer,WR/TE,0.5541716884233524,0.5945010595227355,10,5.945010595227354
D.Robinson,WR/TE,0.5505739653022245,0.5893614550639813,36,21.217012382303327
D.Arnold,WR/TE,0.5474297014032835,0.5848696494940656,10,5.848696494940656
Mi.Wilson,WR/TE,0.5452934632098957,0.5818178806463686,16,9.309086090341898
D.Hilliard,WR/TE,0.541334543930931,0.5761622816764191,11,6.3377850984406106
C.Wilson,WR/TE,0.5371212160103734,0.5701432417899083,20,11.402864835798166
N.Westbrook-Ikhine,WR/TE,0.5182051673374618,0.5431203151143202,28,15.207368823200968
A.Trautman,WR/TE,0.5158138190199344,0.5397041032321384,26,14.032306684035596
S.Zylstra,WR/TE,0.5019928454634983,0.5199598552943725,9,4.679638697649352
G.Davis,WR/TE,0.5000017127990304,0.5171153800594183,26,13.444999881544874
K.Turpin,WR/TE,0.4968053937466388,0.5125492099845731,21,10.763533409676036
R.Cracraft,WR/TE,0.49103953223692587,0.5043122649706976,12,6.051747179648372
R.Moore,WR/TE,0.47227804376877913,0.4775101385876308,8,3.8200811087010464
C.McCaffrey,RB,0.4717042452345055,0.9252818038431876,24,22.206763292236506
J.Johnson,WR/TE,0.46581362212880006,0.4682752505305178,43,20.135835772812268
N.Brown,WR/TE,0.46368431491329387,0.4652333830797946,28,13.02653472623425
C.Okonkwo,WR/TE,0.4633797847318508,0.4647983399634474,31,14.40874853886687
T.Kennedy,WR/TE,0.4600698225247921,0.9500811823350228,6,5.700487094010137
C.Jones,WR/TE,0.4600698225247921,0.163901908614207,1,0.163901908614207
T.Davis,WR/TE,0.4600698225247921,-1.289006447605788,5,-6.445032238028941
S.Matlock,WR/TE,0.4600698225247921,0.2143604107666764,5,1.071802053833382
M.Alexander,WR/TE,0.4600698225247921,-0.663192750299413,1,-0.663192750299413
C.Board,WR/TE,0.4600698225247921,0.208609085937496,1,0.208609085937496
S.Anderson,WR/TE,0.4600698225247921,-0.6591073479503392,5,-3.295536739751696
F.Franks,WR/TE,0.4600698225247921,-0.9617145484313362,5,-4.808572742156681
T.Wesco,WR/TE,0.4600698225247921,0.1816633685048437,4,0.726653474019375
N.Togiai,WR/TE,0.4600698225247921,-0.640563539229333,1,-0.640563539229333
K.Hamler,WR/TE,0.4600698225247921,0.1731206719456495,6,1.038724031673897
R.Rodgers,WR/TE,0.4600698225247921,-0.9633856663228174,3,-2.890156998968452
D.Harty,WR/TE,0.4600698225247921,-0.6053648458037075,2,-1.210729691607415
A.Schwartz,WR/TE,0.4600698225247921,-0.6636028640787086,6,-3.981617184472252
D.Houston,WR/TE,0.4600698225247921,-2.526811089017432,2,-5.053622178034863
S.Sullivan,WR/TE,0.4600698225247921,-0.5981486296281217,5,-2.9907431481406084
B.Hopkins,WR/TE,0.4600698225247921,0.1352766761335969,7,0.9469367329351784
D.Martin-Robinson,WR/TE,0.4600698225247921,0.1345545877120454,2,0.2691091754240909
T.Shavers,WR/TE,0.4600698225247921,7.09404285252094,1,7.09404285252094
Mi.Thomas,WR/TE,0.4600698225247921,-0.9707486895967764,4,-3.882994758387105
J.Matthews,WR/TE,0.4600698225247921,-0.581935274414718,1,-0.581935274414718
T.Reiman,WR/TE,0.4600698225247921,0.082573536224663,5,0.4128676811233154
J.Tonges,WR/TE,0.4600698225247921,-0.568823910318315,1,-0.568823910318315
S.Fehoko,WR/TE,0.4600698225247921,0.2197044950730673,7,1.5379314655114718
L.Tunsil,WR/TE,0.4600698225247921,-0.947,1,-0.947
B.Spann-Ford,WR/TE,0.4600698225247921,0.222009366581916,6,1.3320561994914963
A.Robinson,WR/TE,0.4600698225247921,0.2229156684833415,6,1.337494010900049
T.Scott,WR/TE,0.4600698225247921,0.4027811751584525,2,0.805562350316905
E.Jenkins,WR/TE,0.4600698225247921,0.3998030585353245,2,0.7996061170706491
Am.Rodgers,WR/TE,0.4600698225247921,-0.9443293534131956,4,-3.7773174136527823
K.Rudolph,WR/TE,0.4600698225247921,0.3878433996345854,5,1.939216998172927
N.Webster,WR/TE,0.4600698225247921,0.381329994765113,1,0.381329994765113
J.Shenker,WR/TE,0.4600698225247921,0.374102335888892,1,0.374102335888892
B.Ellefson,WR/TE,0.4600698225247921,0.3726937012979759,2,0.7453874025959519
D.Milne,WR/TE,0.4600698225247921,0.3558064143040359,7,2.490644900128252
D.Young,WR/TE,0.4600698225247921,0.3335456090652163,3,1.000636827195649
B.Bell,WR/TE,0.4600698225247921,0.3226811842954097,3,0.9680435528862292
T.Quitoriano,WR/TE,0.4600698225247921,0.3137562745167601,7,2.1962939216173205
B.Johnson,WR/TE,0.4600698225247921,-2.435309912409868,5,-12.17654956204934
J.Darden,WR/TE,0.4600698225247921,0.2984486103523532,4,1.193794441409413
A.Baccellia,WR/TE,0.4600698225247921,0.2854196000791848,5,1.4270980003959242
D.Bakhtiari,WR/TE,0.4600698225247921,-5.99148989515379,1,-5.99148989515379
D.Felton,WR/TE,0.4600698225247921,-0.68847047528834,4,-2.75388190115336
M.Kinsey,WR/TE,0.4600698225247921,0.2677431514215034,3,0.8032294542645103
L.Musgrave,WR/TE,0.4600698225247921,-0.6853740766146916,7,-4.797618536302841
F.Swain,WR/TE,0.4600698225247921,-1.3001418472849748,3,-3.9004255418549247
B.Cupp,WR/TE,0.4600698225247921,-0.678179833921604,1,-0.678179833921604
A.Bachman,WR/TE,0.4600698225247921,0.075574501112105,1,0.075574501112105
J.Pierre,WR/TE,0.4600698225247921,-2.67772018973483,1,-2.67772018973483
S.McKeon,WR/TE,0.4600698225247921,0.0751189954462459,2,0.1502379908924919
K.Yeboah,WR/TE,0.4600698225247921,0.453090617830943,6,2.718543706985658
P.Hart,WR/TE,0.4600698225247921,-0.4563515416557209,4,-1.825406166622884
C.Goodwin,WR/TE,0.4600698225247921,-2.97731648164336,1,-2.97731648164336
J.Brown,WR/TE,0.4600698225247921,-0.4483837025472887,3,-1.345151107641866
I.Smith-Marsette,WR/TE,0.4600698225247921,-2.976047100072415,3,-8.928141300217245
D.Gray,WR/TE,0.4600698225247921,-0.4281717659905541,5,-2.1408588299527707
I.Charles,WR/TE,0.4600698225247921,-0.40983277419582,1,-0.40983277419582
N.Remigio,WR/TE,0.4600698225247921,-0.4014542973600361,1,-0.4014542973600361
R.Flournoy,WR/TE,0.4600698225247921,-0.4007081249063565,7,-2.8049568743444957
Di.Johnson,WR/TE,0.4600698225247921,-1.1457780870841805,5,-5.728890435420903
B.Sanders,WR/TE,0.4600698225247921,-2.974456544034185,2,-5.94891308806837
A.Okwuegbunam,WR/TE,0.4600698225247921,-0.3811418329205152,6,-2.286850997523091
J.Baker,WR/TE,0.4600698225247921,-0.2103189738409122,4,-0.841275895363649
J.Burton,WR/TE,0.4600698225247921,-1.135139347872914,4,-4.540557391491656
T.Decker,WR/TE,0.4600698225247921,-0.367620860051829,1,-0.367620860051829
Z.Davidson,WR/TE,0.4600698225247921,-0.357920928450767,2,-0.7158418569015341
D.Allen,WR/TE,0.4600698225247921,-0.2418940872611945,7,-1.6932586108283614
J.Thrash,WR/TE,0.4600698225247921,-0.3567129785466625,6,-2.1402778712799755
R.Griffin,WR/TE,0.4600698225247921,-1.1349028007576376,7,-7.944319605303463
J.Winfree,WR/TE,0.4600698225247921,-0.33282771727924,3,-0.99848315183772
C.Hollister,WR/TE,0.4600698225247921,-1.0958970224528457,4,-4.383588089811383
M.Bandy,WR/TE,0.4600698225247921,-0.3294455933334695,7,-2.3061191533342864
M.Schreck,WR/TE,0.4600698225247921,-0.3277505166479385,2,-0.6555010332958771
J.Cabinda,WR/TE,0.4600698225247921,-0.3226607610122302,4,-1.290643044048921
J.Washington,WR/TE,0.4600698225247921,-0.320639211684465,1,-0.320639211684465
J.Wiley,WR/TE,0.4600698225247921,-0.145088373683393,1,-0.145088373683393
C.Beasley,WR/TE,0.4600698225247921,-0.4701191570493372,6,-2.820714942296023
J.Ross,WR/TE,0.4600698225247921,-0.5637721354938136,2,-1.127544270987627
D.Holker,WR/TE,0.4600698225247921,-0.472294741368386,2,-0.944589482736772
S.Franklin,WR/TE,0.4600698225247921,-2.68345253309235,1,-2.68345253309235
S.Morgan,WR/TE,0.4600698225247921,-3.1803987219464,1,-3.1803987219464
J.Thomas,WR/TE,0.4600698225247921,-2.70970632729586,1,-2.70970632729586
K.Blasingame,WR/TE,0.4600698225247921,-0.555493432795629,1,-0.555493432795629
R.Keyton,WR/TE,0.4600698225247921,0.0312929977080785,2,0.062585995416157
K.Kirkwood,WR/TE,0.4600698225247921,-0.5481453431614994,3,-1.6444360294844982
J.Horsted,WR/TE,0.4600698225247921,0.0133418556652029,2,0.0266837113304059
M.Heath,WR/TE,0.4600698225247921,-0.0008840089236999,6,-0.0053040535421997
J.Bell,WR/TE,0.4600698225247921,-0.0017081267239226,3,-0.0051243801717679
A.Smith,WR/TE,0.4600698225247921,-0.0143014916102382,3,-0.0429044748307148
B.Covey,WR/TE,0.4600698225247921,-0.0146286642023663,3,-0.0438859926070989
B.Whiteheart,WR/TE,0.4600698225247921,-0.5366536442556283,7,-3.756575509789398
M.Strachan,WR/TE,0.4600698225247921,-0.5332089846353931,5,-2.6660449231769654
J.FitzPatrick,WR/TE,0.4600698225247921,-0.520785233471543,1,-0.520785233471543
J.Ali,WR/TE,0.4600698225247921,-0.519019901752472,1,-0.519019901752472
M.Johnson,WR/TE,0.4600698225247921,-0.5169744604669585,6,-3.101846762801751
M.Forristall,WR/TE,0.4600698225247921,-0.508618170628324,1,-0.508618170628324
J.Gordon,WR/TE,0.4600698225247921,-0.488447367679328,1,-0.488447367679328
D.Asiasi,WR/TE,0.4600698225247921,-0.4880247925951456,3,-1.4640743777854368
K.Philips,WR/TE,0.4600698225247921,-0.4838934059953338,4,-1.9355736239813357
A.Isabella,WR/TE,0.4600698225247921,-0.0671651780559566,3,-0.2014955341678699
B.VanSumeren,WR/TE,0.4600698225247921,-0.48021248326404,1,-0.48021248326404
L.Treadwell,WR/TE,0.4600698225247921,-1.0331438931849934,3,-3.0994316795549803
B.Tremayne,WR/TE,0.4600698225247921,-1.39147220214363,1,-1.39147220214363
C.Turner,WR/TE,0.4600698225247921,-1.3498764804036223,5,-6.749382402018111
T.Cleveland,WR/TE,0.4600698225247921,-1.44330647917609,3,-4.32991943752827
D.Skipper,WR/TE,0.4600698225247921,1.95214127295185,1,1.95214127295185
J.Conklin,WR/TE,0.4600698225247921,-1.5234388965182,1,-1.5234388965182
S.Hubbard,WR/TE,0.4600698225247921,2.04928792873397,1,2.04928792873397
J.Kumerow,WR/TE,0.4600698225247921,0.7100684675096991,4,2.8402738700387964
P.Durham,WR/TE,0.4600698225247921,2.0793302803300318,5,10.396651401650155
Ma.Jones,WR/TE,0.4600698225247921,2.1260153410742824,3,6.378046023222847
J.Guyton,WR/TE,0.4600698225247921,2.1320163406388444,2,4.264032681277689
G.DuBose,WR/TE,0.4600698225247921,-2.052134784753438,2,-4.104269569506876
W.Morris,WR/TE,0.4600698225247921,0.700560969533399,1,0.700560969533399
D.Sills,WR/TE,0.4600698225247921,0.70034651971738,7,4.90242563802166
C.Grandy,WR/TE,0.4600698225247921,0.694685791240772,4,2.778743164963088
C.Johnson,WR/TE,0.4600698225247921,0.6894887248636244,5,3.4474436243181223
J.Moore,WR/TE,0.4600698225247921,-0.7422923792619259,1,-0.7422923792619259
T.Hilton,WR/TE,0.4600698225247921,2.550693661207332,5,12.75346830603666
T.Kroft,WR/TE,0.4600698225247921,0.6806328981474515,4,2.722531592589806
K.Pryor,WR/TE,0.4600698225247921,0.680167773389258,1,0.680167773389258
D.Chisena,WR/TE,0.4600698225247921,0.6799870410468416,3,2.039961123140525
J.Gervase,WR/TE,0.4600698225247921,2.61605842690915,1,2.61605842690915
T.Hairston,WR/TE,0.4600698225247921,-0.883546475287793,7,-6.184825327014551
J.Harris,WR/TE,0.4600698225247921,2.77069555688649,1,2.77069555688649
T.Conner,WR/TE,0.4600698225247921,-0.873836134807788,4,-3.495344539231152
K.Wilkerson,WR/TE,0.4600698225247921,2.861492906173217,1,2.861492906173217
T.Gentry,WR/TE,0.4600698225247921,-0.789629820268601,1,-0.789629820268601
K.Grugier-Hill,WR/TE,0.4600698225247921,2.86447695572861,1,2.86447695572861
L.McCutcheon,WR/TE,0.4600698225247921,-2.0007987050339557,2,-4.001597410067911
K.White,WR/TE,0.4600698225247921,0.6284556508762765,4,2.513822603505106
G.Ricci,WR/TE,0.4600698225247921,0.6237151865306864,6,3.7422911191841184
Q.Cephus,WR/TE,0.4600698225247921,2.972559513582381,1,2.972559513582381
J.Whittington,WR/TE,0.4600698225247921,2.9731679108392988,7,20.812175375875093
D.Walker,WR/TE,0.4600698225247921,0.6113679651170946,2,1.2227359302341891
T.Mabry,WR/TE,0.4600698225247921,1.96141375257866,1,1.96141375257866
K.Golladay,WR/TE,0.4600698225247921,-0.2928977080311701,6,-1.7573862481870206
W.Mallory,WR/TE,0.4600698225247921,-0.8453546891562695,7,-5.917482824093887
J.Wayne,WR/TE,0.4600698225247921,-1.493777231313288,1,-1.493777231313288
K.Blanton,WR/TE,0.4600698225247921,0.972764383244795,2,1.94552876648959
A.Rogers,WR/TE,0.4600698225247921,1.014460503472947,5,5.072302517364735
A.Trammell,WR/TE,0.4600698225247921,1.0333098304011723,3,3.0999294912035174
B.Willis,WR/TE,0.4600698225247921,-1.4461409822688438,1,-1.4461409822688438
C.Myarick,WR/TE,0.4600698225247921,1.0346678442022363,7,7.242674909415655
T.Montgomery,WR/TE,0.4600698225247921,-0.9103328317287458,1,-0.9103328317287458
C.White,WR/TE,0.4600698225247921,1.0657670796790646,2,2.131534159358129
B.Sinnott,WR/TE,0.4600698225247921,1.0867404571152297,5,5.433702285576147
M.Lewis,WR/TE,0.4600698225247921,1.155028863200917,7,8.085202042406417
D.Parham,WR/TE,0.4600698225247921,1.1729145563737469,7,8.210401894616227
B.Oliver,WR/TE,0.4600698225247921,0.8675018356065258,5,4.337509178032629
M.Kemp,WR/TE,0.4600698225247921,1.22666133241728,1,1.22666133241728
R.Jarrett,WR/TE,0.4600698225247921,1.235764259354762,6,7.414585556128572
A.Miller,WR/TE,0.4600698225247921,1.2441255300849037,3,3.7323765902547104
F.Darby,WR/TE,0.4600698225247921,1.2657943648519,1,1.2657943648519
B.Means,WR/TE,0.4600698225247921,0.8396231223159705,4,3.358492489263882
J.Virgil,WR/TE,0.4600698225247921,1.4015402058576008,4,5.606160823430403
V.Lowe,WR/TE,0.4600698225247921,1.42774722713511,1,1.42774722713511
N.Harry,WR/TE,0.4600698225247921,1.4307051921593184,6,8.58423115295591
R.McMath,WR/TE,0.4600698225247921,-1.455738963530166,4,-5.822955854120663
S.Toure,WR/TE,0.4600698225247921,0.8015433548395244,4,3.2061734193580977
T.Sweeney,WR/TE,0.4600698225247921,0.801076786592603,1,0.801076786592603
J.Cowing,WR/TE,0.4600698225247921,1.5452967890693474,3,4.6358903672080425
M.Caliendo,WR/TE,0.4600698225247921,0.788040928076953,1,0.788040928076953
R.Dwelley,WR/TE,0.4600698225247921,1.6959338641026993,5,8.479669320513496
R.Chosen,WR/TE,0.4600698225247921,-8.406382423301695,1,-8.406382423301695
B.Edwards,WR/TE,0.4600698225247921,-1.4877484388584932,4,-5.950993755433973
D.Baldwin,WR/TE,0.4600698225247921,1.7913616475998388,1,1.7913616475998388
A.Gould,WR/TE,0.4600698225247921,1.88861330680083,1,1.88861330680083
M.Corley,WR/TE,0.4600698225247921,-1.6150119038647983,5,-8.075059519323993
M.Boykin,WR/TE,0.4600698225247921,-0.29345862798315,3,-0.8803758839494501
X.Weaver,WR/TE,0.4600698225247921,-0.8224050092633706,2,-1.6448100185267411
Dio.Johnson,WR/TE,0.4600698225247921,-1.6713808721597527,3,-5.014142616479258
B.Bates,WR/TE,0.4600698225247921,-0.801100357901305,1,-0.801100357901305
D.Deablo,WR/TE,0.4600698225247921,4.33391802990809,1,4.33391802990809
D.Patmon,WR/TE,0.4600698225247921,-7.643115597777069,1,-7.643115597777069
J.Latham,WR/TE,0.4600698225247921,-1.70453689270653,1,-1.70453689270653
B.Sims,WR/TE,0.4600698225247921,0.5385669185052395,4,2.154267674020958
T.Martin,WR/TE,0.4600698225247921,5.368295000516811,1,5.368295000516811
M.Thomas,WR/TE,0.4600698225247921,5.565435772548269,3,16.696307317644806
R.Rice,WR/TE,0.4600698225247921,6.274294710815114,3,18.822884132445346
J.Camp,WR/TE,0.4600698225247921,0.510851916798856,1,0.510851916798856
C.Evans,WR/TE,0.4600698225247921,0.5774562543083459,4,2.309825017233384
K.Coutee,WR/TE,0.4600698225247921,-3.79916432953905,1,-3.79916432953905
E.Ezukanma,WR/TE,0.4600698225247921,-1.7158337503205976,2,-3.431667500641195
D.Culp,WR/TE,0.4600698225247921,3.9247715914189216,2,7.849543182837843
R.Gilliam,WR/TE,0.4600698225247921,0.5842404418363002,6,3.5054426510178014
D.Thompkins,WR/TE,0.4600698225247921,-0.709413063702718,6,-4.256478382216308
C.Blair,WR/TE,0.4600698225247921,-1.88887120928848,2,-3.77774241857696
K.Smith,WR/TE,0.4600698225247921,-0.704014712697009,2,-1.408029425394018
Cas.Washington,WR/TE,0.4600698225247921,0.475398381531706,2,0.950796763063412
D.Bell,WR/TE,0.4600698225247921,3.214173211832534,1,3.214173211832534
I.Williams,WR/TE,0.4600698225247921,-2.347091557923706,1,-2.347091557923706
R.Bell,WR/TE,0.4600698225247921,-1.435462110675869,3,-4.306386332027607
J.Mundt,WR/TE,0.4570517223330719,0.4557582508223348,28,12.761231023025374
G.Everett,WR/TE,0.4564524614802251,0.4549021638896964,25,11.37255409724241
E.Tomlinson,WR/TE,0.45507480746847573,0.4529340867300544,12,5.435209040760653
C.Edwards-Helaire,RB,0.4510716473023232,0.89580666394007,12,10.74967996728084
K.Kieft,WR/TE,0.4508222694968018,0.4468590324848061,9,4.021731292363254
J.Woods,WR/TE,0.44539710283016876,0.439108794389616,12,5.269305532675392
I.Guerendo,RB,0.4371311543011094,0.875891673938336,13,11.386591761198368
H.Luepke,WR/TE,0.4360121734168393,0.4257017523705739,13,5.5341227808174605
T.Burks,WR/TE,0.43458518028408866,0.4236631907523586,16,6.778611052037738
J.Agnew,WR/TE,0.4327994087294865,0.4211120885314985,16,6.737793416503976
D.Schultz,WR/TE,0.4232150204780889,0.4074201053152161,36,14.66712379134778
L.Krull,WR/TE,0.4229308641869711,0.4070141677564764,11,4.47715584532124
C.Parkinson,WR/TE,0.41981510089407037,0.4025630773380468,32,12.8820184748175
K.Austin,WR/TE,0.4173795703584373,0.3990837480014281,8,3.192669984011425
K.Pitts,WR/TE,0.40560504122398733,0.3822629920950711,27,10.32110078656692
T.Allgeier,RB,0.40486682862656476,0.829799780117558,33,27.38339274387941
C.Stover,WR/TE,0.4010805509952252,0.3757994346254108,14,5.261192084755751
D.Washington,WR/TE,0.38429467989364063,0.3518196187660043,17,5.980933519022074
J.Bobo,WR/TE,0.38388509513417224,0.3512344976810495,11,3.863579474491545
T.Conklin,WR/TE,0.38263642208485127,0.3494506790391623,33,11.531872408292356
A.Dulin,WR/TE,0.3787119005552582,0.3438442197111723,16,5.501507515378757
R.Woods,WR/TE,0.36983897956223,0.3311686182925606,30,9.93505854877682
D.Carter,WR/TE,0.36451393550452693,0.3235614124958419,22,7.118351074908523
S.Miller,WR/TE,0.36382612693060723,0.3225788288188138,15,4.838682432282207
A.Firkser,WR/TE,0.35797421691084863,0.3142189573620157,8,2.513751658896126
H.Renfrow,WR/TE,0.3548749941042768,0.3097914962097703,10,3.097914962097703
Co.Heyward,WR/TE,0.3540941330924671,0.3086759804786136,13,4.012787746221978
B.Powell,WR/TE,0.3442263291130039,0.2945791176508089,23,6.775319705968606
D.Achane,RB,0.3421036016869271,0.7401380273466471,17,12.582346464893002
S.Barkley,RB,0.33517837807323136,0.7302448507556532,38,27.74930432871482
C.Ham,WR/TE,0.32705520653755427,0.2700489425430238,15,4.050734138145357
E.St. Brown,WR/TE,0.3259688799245301,0.2684970473815607,16,4.295952758104972
X.Legette,WR/TE,0.32128116933099315,0.2618003179622222,15,3.9270047694333328
J.Crowder,WR/TE,0.3163958211335036,0.2548212491086657,10,2.548212491086657
E.Demercado,RB,0.30934427348290594,0.6933389870551883,13,9.013406831717448
T.Fisk,WR/TE,0.30412753170317564,0.2372951213510543,8,1.8983609708084348
H.Long,WR/TE,0.3015322381856993,0.233587559183231,9,2.10228803264908
R.Tonyan,WR/TE,0.2970401223201119,0.2271702508038204,17,3.861894263664948
M.Alie-Cox,WR/TE,0.2820387167416892,0.2057396714060737,26,5.349231456557917
G.Smith,QB,0.2699822195065795,0.7055346455961932,35,24.69371259586676
C.Manhertz,WR/TE,0.2679949379668458,0.1856771302991546,10,1.8567713029915465
H.Bryant,WR/TE,0.2675084417636717,0.1849821357231916,19,3.5146605787406413
N.Vannett,WR/TE,0.2664113396713934,0.1834148470199369,17,3.118052399338928
J.Deguara,WR/TE,0.2640788696708009,0.1800827470190904,12,2.1609929642290857
L.McCaffrey,WR/TE,0.2574017405642727,0.1705439911526215,13,2.21707188498408
S.Moore,WR/TE,0.24948377664150634,0.1592326141200982,19,3.0254196682818666
B.Skowronek,WR/TE,0.2484065842947415,0.1576937679104341,18,2.8384878223878136
D.Eskridge,WR/TE,0.24056761162925128,0.1464952355311624,11,1.611447590842787
T.Tremble,WR/TE,0.2346883109621625,0.1380962345781784,24,3.3143096298762824
Q.Morris,WR/TE,0.23445765196754148,0.1377667217287198,13,1.7909673824733578
R.Davis,RB,0.2343667890140417,0.5862282949568108,19,11.138337604179403
M.Stafford,QB,0.22525016966544706,0.6416317172517183,27,17.324056365796395
A.Ogletree,WR/TE,0.22022406592912616,0.1174330273881265,11,1.291763301269392
A.Abdullah,WR/TE,0.19659701622476827,0.0836800992390438,26,2.175682580215141
J.Fortson,WR/TE,0.19077466504939672,0.0753624547027987,13,0.9797119111363836
K.Juszczyk,WR/TE,0.18987116379874694,0.0740717386304419,29,2.1480804202828168
T.Sherfield,WR/TE,0.18879185494268613,0.0725298688360693,26,1.885776589737802
M.Burton,WR/TE,0.18676561276082027,0.0696352371476895,17,1.1837990315107223
V.Jones,WR/TE,0.18064024940191675,0.0608847180635416,11,0.6697318986989578
J.McKinnon,RB,0.17976360992411253,0.5082237533997691,20,10.164475067995385
P.Hendershot,WR/TE,0.17187006626215318,0.0483558850067365,13,0.6286265050875757
D.Sample,WR/TE,0.15248351280344935,0.0206608086371596,13,0.2685905122830754
K.Pickett,QB,0.14772333570239451,0.5308790973045003,20,10.617581946090008
M.Pruitt,WR/TE,0.1445841536815082,0.0093760098915294,16,0.1500161582644708
J.Hill,RB,0.14399348458433422,0.457123574342943,43,19.65631369674655
M.Gallup,WR/TE,0.1397243500971956,0.0024334333425114,16,0.0389349334801827
M.Mayer,WR/TE,0.13712941215430333,-0.0012736208616204,11,-0.0140098294778249
M.Washington,WR/TE,0.13525730780740658,-0.0039480556429015,21,-0.0829091685009318
T.Goodson,RB,0.13445082815094325,0.4434912080095273,9,3.9914208720857456
J.McNichols,RB,0.12662486271102988,0.4323112573810796,16,6.916980118097275
D.Davis,WR/TE,0.12448956766231471,-0.0193305415644613,12,-0.2319664987735361
D.Samuel,WR/TE,0.11995350984735065,-0.0258106241572671,30,-0.7743187247180146
M.Trubisky,QB,0.11952713868430923,0.4905988158500928,16,7.849581053601485
K.Allen,WR/TE,0.10675463435013177,-0.0446661605818655,29,-1.2953186568741015
Z.Horvath,WR/TE,0.10316419768937873,-0.0497953558115127,8,-0.3983628464921023
D.Watt,RB,0.10241399318202135,0.3977243009110674,10,3.977243009110674
E.Saubert,WR/TE,0.10222306659310049,-0.0511398288061959,19,-0.9716567473177232
S.Perine,RB,0.09669663541792425,0.3895566469623573,39,15.192709231531936
N.Hines,WR/TE,0.09656570756001187,-0.0592217702820368,17,-1.0067700947946268
D.Smythe,WR/TE,0.0954753455914373,-0.0607794302371433,26,-1.5802651861657282
C.Claypool,WR/TE,0.09022111960165685,-0.0682854673654011,15,-1.0242820104810164
I.Thomas,WR/TE,0.08918823035951888,-0.0697610234255982,16,-1.116176374809572
J.Bates,WR/TE,0.07359108504773483,-0.0920426595852897,22,-2.0249385108763738
J.Ferguson,WR/TE,0.07346131067568036,-0.0922280515453675,26,-2.397929340179557
X.Hutchinson,WR/TE,0.07302768472677548,-0.0928475171866602,16,-1.4855602749865635
J.Ruckert,WR/TE,0.0670252455630521,-0.1014224302776936,15,-1.5213364541654046
Z.Gentry,WR/TE,0.06621802593182662,-0.1025756011794443,14,-1.4360584165122203
G.Swaim,WR/TE,0.0493171520477103,-0.1267197067281819,12,-1.520636480738183
C.Conley,WR/TE,0.04455368793564567,-0.1335246554597028,11,-1.4687712100567312
C.Brown,RB,0.043337219815961364,0.3133289103881246,16,5.0132625662099946
A.Ekeler,RB,0.03358091198877594,0.2993913277778597,33,9.87991381666937
N.Agholor,WR/TE,0.026672146479654796,-0.1590697146825469,29,-4.613021725793862
Z.Pascal,WR/TE,0.014006496713144481,-0.1771635000632759,15,-2.6574525009491388
C.Huntley,RB,0.011633454797063514,0.2680378175039848,12,3.2164538100478177
K.Gainwell,RB,0.011053917324447715,0.2672099068288194,40,10.688396273152776
A.Prentice,WR/TE,0.010961373773898775,-0.1815136756907698,9,-1.6336230812169288
O.Howard,WR/TE,0.008010377931668172,-0.1857293840368135,11,-2.043023224404949
G.Olszewski,RB,0.00028417408106634623,0.2518245593382746,10,2.518245593382746
Em.Wilson,RB,-0.013707086809669422,0.2318370437800806,18,4.173066788041451
E.Benjamin,RB,-0.02697018641343829,0.2128897586318394,12,2.554677103582074
A.Ingold,WR/TE,-0.028594976762969904,-0.2380227478862965,21,-4.998477705612227
S.Sims,WR/TE,-0.0344920848888125,-0.2464471880660716,14,-3.4502606329250023
P.Campbell,WR/TE,-0.03908330111170971,-0.2530060683844962,21,-5.313127436074421
J.Warren,RB,-0.04705498699261784,0.1841971863758686,32,5.894309964027798
R.Johnson,RB,-0.0501162411489067,0.1798239661525988,12,2.1578875938311866
M.Brown,WR/TE,-0.0504563043475558,-0.2692532158642763,24,-6.462077180742632
T.Jones,WR/TE,-0.053101324103822706,-0.2730318155160862,11,-3.003349970676948
B.Melton,WR/TE,-0.05601447527176212,-0.2771934600417139,12,-3.326321520500568
X.Gipson,WR/TE,-0.059096470223571174,-0.2815963099728697,8,-2.2527704797829577
P.Strong,RB,-0.06063170448772211,0.1648018756685768,15,2.472028135028652
J.Brissett,QB,-0.06931560369257739,0.2208234695973976,21,4.637292861545351
P.Dorsett,WR/TE,-0.07427418336092212,-0.3032787573119425,14,-4.245902602367194
M.Breida,RB,-0.07750031089666758,0.1407038665129404,19,2.673373463745868
D.Mims,WR/TE,-0.08303034986582553,-0.3157875666046617,9,-2.842088099441955
R.Blackshear,RB,-0.09367709271756741,0.1175941781973692,13,1.5287243165658
J.Metchie,WR/TE,-0.10194128193990784,-0.3428031838533507,12,-4.113638206240209
J.Mason,RB,-0.10935929141404635,0.0951910372023993,21,1.9990117812503865
D.Wicks,WR/TE,-0.12340623400628939,-0.3734674010910386,18,-6.722413219638694
C.Brooks,RB,-0.12438959184306736,0.073719179446655,12,0.8846301533598608
L.Farrell,WR/TE,-0.12839679823404823,-0.3805967785592655,14,-5.3283548998297166
P.Ricard,WR/TE,-0.1436050817693644,-0.4023228978954315,18,-7.241812162117768
K.Granson,WR/TE,-0.14442984753857405,-0.4035011347085881,27,-10.89453063713188
B.Robinson,RB,-0.14669671773123616,0.041851856749271,45,1.883333553717197
T.Johnson,WR/TE,-0.14710810576155428,-0.4073272178842742,32,-13.034470972296774
C.Tillman,WR/TE,-0.14785394036074315,-0.4083926958831154,9,-3.675534262948039
B.Cooks,WR/TE,-0.14813360019661317,-0.4087922099343583,23,-9.40222082849024
J.Reagor,WR/TE,-0.1503271883784106,-0.4119259073369261,17,-7.002740424727744
D.Montgomery,RB,-0.16255042165634365,0.0192037082848317,31,0.5953149568297853
T.Thornton,WR/TE,-0.16833952665447563,-0.4376578191598761,16,-7.002525106558018
I.Smith,WR/TE,-0.17637292530927848,-0.4491341029524516,10,-4.491341029524516
D.Dallas,RB,-0.18851911399019836,-0.017894423620675,18,-0.3220996251721504
J.Dobbins,RB,-0.20422207746304122,-0.0403272285818791,23,-0.9275262573832208
L.Humphrey,WR/TE,-0.20468598620749476,-0.4895813328070463,17,-8.322882657719788
J.Hasty,RB,-0.21553227548288867,-0.0564846543245183,24,-1.3556317037884398
J.Conner,RB,-0.21807736762977512,-0.0601205002486418,29,-1.743494507210614
A.Williams,RB,-0.2193945335155122,-0.0620021657996948,14,-0.8680303211957282
M.Davis,RB,-0.22363756543599264,-0.0680636399718097,11,-0.7487000396899068
D.Henderson,RB,-0.2334005875357707,-0.0820108144000641,10,-0.8201081440006419
T.McKitty,WR/TE,-0.2341100747593481,-0.5316157450239797,9,-4.784541705215817
J.Fields,QB,-0.24167729510658542,-0.0254075181368996,26,-0.6605954715593896
G.Dulcich,WR/TE,-0.24623952639552513,-0.5489435330756611,13,-7.136265929983594
A.Rodgers,QB,-0.24643448841986118,-0.0322035085844364,39,-1.2559368347930224
K.Herbert,RB,-0.2618770203672786,-0.1226914327307897,21,-2.576520087346585
B.Berrios,WR/TE,-0.2745516691509199,-0.5893894512976536,18,-10.609010123357766
R.Anderson,WR/TE,-0.27874714877914286,-0.5953829936236864,12,-7.144595923484237
P.Brown,WR/TE,-0.28011339965173876,-0.5973347805845377,15,-8.960021708768066
T.Benson,RB,-0.2849117915521566,-0.1555982487091868,12,-1.8671789845102416
A.Jones,RB,-0.2900489536611364,-0.1629370517220151,35,-5.70279681027053
M.Callaway,WR/TE,-0.29553080224343553,-0.6193596414298188,10,-6.193596414298188
S.Smith,WR/TE,-0.29752628906647205,-0.6222103368912996,15,-9.333155053369492
M.Rudolph,QB,-0.3033894125146718,-0.1135676858627373,8,-0.9085414869018988
D.Johnson,WR/TE,-0.30486162680920714,-0.6326893908094926,42,-26.572954413998687
J.Ford,RB,-0.31968368430468475,-0.2052723812127984,16,-3.2843580994047747
L.Thomas,WR/TE,-0.32130743062717604,-0.6561833962637338,13,-8.530384151428539
A.Dillon,RB,-0.3221898082062779,-0.2088525582150744,17,-3.550493489656265
J.Hyatt,WR/TE,-0.3231112137160608,-0.6587602292478548,10,-6.5876022924785484
A.Mitchell,WR/TE,-0.3270591963497411,-0.6644002044388269,17,-11.294803475460055
K.Hunt,RB,-0.33158628964571385,-0.2222761031285543,33,-7.335111403242293
H.Haskins,RB,-0.34589096029200017,-0.2427113469089633,19,-4.611515591270304
D.Pettis,WR/TE,-0.34776575451440317,-0.6939810018169155,22,-15.26758203997214
T.Bigsby,RB,-0.34821344504758717,-0.2460291822740876,15,-3.690437734111315
J.Wilson,RB,-0.3547316417473835,-0.2553408918452252,34,-8.681590322737659
A.O'Connell,QB,-0.3576869711294952,-0.1911356267410565,9,-1.7202206406695089
C.Woerner,WR/TE,-0.3606279583505472,-0.7123555787256927,10,-7.123555787256927
W.Robinson,WR/TE,-0.36175503931887265,-0.713965694394729,23,-16.421210971078768
C.Sims,WR/TE,-0.3638620779498628,-0.7169757495818577,12,-8.603708994982293
B.Scott,RB,-0.364159579281073,-0.2688093740362103,16,-4.300949984579365
C.Hubbard,RB,-0.381643664902371,-0.2937866392094931,27,-7.932239258656313
B.Perriman,WR/TE,-0.38801428237625213,-0.7514788987624139,8,-6.011831190099311
R.White,RB,-0.38833469229706785,-0.3033452497733457,33,-10.010393242520408
L.Cager,WR/TE,-0.3959854137522675,-0.7628662292995787,8,-6.10292983439663
Dav.Bell,WR/TE,-0.4169357556023403,-0.7927952890853971,14,-11.09913404719556
J.Kelley,RB,-0.43002610395993046,-0.3629044092917209,14,-5.080661730084094
A.Beck,WR/TE,-0.4346435151805277,-0.8180920884828076,10,-8.180920884828076
J.Jacobs,RB,-0.435683695650942,-0.3709866831360232,35,-12.984533909760811
G.Brightwell,RB,-0.43835201619150865,-0.3747985696225469,9,-3.3731871266029225
I.Pacheco,RB,-0.44180891089201957,-0.3797369906232768,30,-11.392109718698306
R.Dowdle,RB,-0.44782021173698483,-0.3883245632589415,16,-6.213193012143064
J.Landry,WR/TE,-0.46408347960640806,-0.8601491805197795,9,-7.741342624678015
T.Franklin,WR/TE,-0.4829556258348945,-0.8871093894176173,17,-15.080859620099494
J.Mixon,RB,-0.4847326222904149,-0.4410565783352702,33,-14.554867085063918
C.Reynolds,RB,-0.49094819693088987,-0.4499359706788057,13,-5.849167618824474
D.Turner,WR/TE,-0.5033484638920029,-0.9162420152134866,12,-10.99490418256184
R.Rivers,RB,-0.5219032929223928,-0.4941575363809528,8,-3.953260291047623
B.Corum,RB,-0.5314754012236838,-0.5078319768113685,14,-7.10964767535916
Q.Watkins,WR/TE,-0.5390484937735278,-0.9672420579013792,18,-17.410357042224824
M.Jones,QB,-0.5455280113427904,-0.4594799699029067,44,-20.217118675727896
T.Spears,RB,-0.546166337392816,-0.5288190284815573,12,-6.345828341778687
J.Williams,RB,-0.5699023424346656,-0.5627276071127711,45,-25.322742320074703
N.Chubb,RB,-0.5861729126080192,-0.5859712787889906,25,-14.649281969724765
J.Patterson,RB,-0.5866433915190862,-1.8871952406111052,1,-1.8871952406111052
J.Mims,RB,-0.5866433915190862,-1.5478719971903012,7,-10.835103980332107
I.Spiller,RB,-0.5866433915190862,-1.4522363213240168,5,-7.261181606620084
C.Collier,RB,-0.5866433915190862,-2.301452214538584,2,-4.602904429077168
M.Araiza,RB,-0.5866433915190862,-1.91761878668331,1,-1.91761878668331
C.Tune,RB,-0.5866433915190862,-1.955181931960396,5,-9.77590965980198
M.Lloyd,RB,-0.5866433915190862,-2.039340319344773,1,-2.039340319344773
K.Nwangwu,RB,-0.5866433915190862,-1.5739736439059435,2,-3.1479472878118875
K.Mitchell,RB,-0.5866433915190862,-2.0316561786166853,2,-4.063312357233371
L.Rountree,RB,-0.5866433915190862,-2.854473253304603,2,-5.708946506609206
Z.Knight,RB,-0.5866433915190862,-1.4040610295410414,7,-9.828427206787287
C.Fejedelem,RB,-0.5866433915190862,-3.7733009463409,1,-3.7733009463409
T.Thomas,RB,-0.5866433915190862,-3.09130674356129,1,-3.09130674356129
J.Wilkins,RB,-0.5866433915190862,-1.0157082192563682,4,-4.062832877025473
J.Hicks,RB,-0.5866433915190862,-2.83455932186916,1,-2.83455932186916
R.Bonnafon,RB,-0.5866433915190862,-1.0740563112776726,1,-1.0740563112776726
T.Davis-Price,RB,-0.5866433915190862,-2.71942508157129,6,-16.31655048942774
K.Miller,RB,-0.5866433915190862,-0.9924055807253632,6,-5.95443348435218
J.Reeves-Maybin,RB,-0.5866433915190862,-2.93332363781519,1,-2.93332363781519
D.Vaughn,RB,-0.5866433915190862,-1.1987707218504506,5,-5.993853609252253
M.Gaskin,RB,-0.5866433915190862,-2.644172608110238,4,-10.576690432440952
J.Gillan,RB,-0.5866433915190862,-2.4698801206577325,4,-9.87952048263093
D.Leavitt,RB,-0.5866433915190862,-3.23668544174871,1,-3.23668544174871
J.Bailey,RB,-0.5866433915190862,-2.46694559865864,1,-2.46694559865864
P.Lindsay,RB,-0.5866433915190862,-1.0947820794195913,3,-3.284346238258774
J.McClellan,RB,-0.5866433915190862,-3.552303021075202,2,-7.104606042150404
T.Jennings,RB,-0.5866433915190862,-2.368339035629566,2,-4.736678071259132
G.Bernard,RB,-0.5866433915190862,-4.069438812415681,2,-8.138877624831363
T.Williams,RB,-0.5866433915190862,0.1295182096830104,5,0.647591048415052
T.McAllister,RB,-0.5866433915190862,-0.016487878980115,1,-0.016487878980115
B.Brooks,RB,-0.5866433915190862,-0.336250451859087,1,-0.336250451859087
R.Jones,RB,-0.5866433915190862,0.3956619779055474,6,2.3739718674332844
A.McFarland,RB,-0.5866433915190862,0.3192059412249368,1,0.3192059412249368
S.Vaki,RB,-0.5866433915190862,0.2648152458714331,4,1.0592609834857325
J.Kibodi,RB,-0.5866433915190862,-5.184558631794069,1,-5.184558631794069
M.Carter,RB,-0.5866433915190862,0.1597649796430745,3,0.4792949389292235
K.McIntosh,RB,-0.5866433915190862,0.1548603772618144,7,1.0840226408327014
C.Schrader,RB,-0.5866433915190862,0.076384755200707,1,0.076384755200707
B.Watson,RB,-0.5866433915190862,0.0717408639029609,1,0.0717408639029609
N.Bellore,RB,-0.5866433915190862,0.0524371490464546,1,0.0524371490464546
A.Shampklin,RB,-0.5866433915190862,-0.8048233154651552,3,-2.414469946395465
W.Shipley,RB,-0.5866433915190862,-0.0275580652179451,6,-0.1653483913076709
S.McCormick,RB,-0.5866433915190862,-0.1114088922913625,4,-0.4456355691654502
D.Laube,RB,-0.5866433915190862,-4.66817615873879,1,-4.66817615873879
K.Johnson,RB,-0.5866433915190862,-0.218778165182979,3,-0.656334495548937
M.Dickson,RB,-0.5866433915190862,-4.226176022813885,2,-8.45235204562777
C.Clement,RB,-0.5866433915190862,0.4627281734283335,4,1.850912693713334
S.Ahmed,RB,-0.5866433915190862,0.4966040435118848,7,3.476228304583194
M.Mack,RB,-0.5866433915190862,0.51076962653073,5,2.55384813265365
S.Chandler,RB,-0.5866433915190862,2.16509309830144,1,2.16509309830144
A.Davis,RB,-0.5866433915190862,3.10748325835448,2,6.2149665167089605
D.Belton,RB,-0.5866433915190862,3.06822815048508,1,3.06822815048508
M.Hayball,RB,-0.5866433915190862,2.87435520859435,1,2.87435520859435
R.Penny,RB,-0.5866433915190862,2.842725101858379,5,14.213625509291894
M.Allen,RB,-0.5866433915190862,2.64326116838492,1,2.64326116838492
M.Stewart,RB,-0.5866433915190862,2.42454497818835,1,2.42454497818835
B.Snell,RB,-0.5866433915190862,1.9648915615204403,3,5.894674684561322
K.Hill,RB,-0.5866433915190862,0.546071149292402,1,0.546071149292402
D.Pettus,RB,-0.5866433915190862,1.9273973434465,1,1.9273973434465
Br.Hall,RB,-0.5866433915190862,1.77948819686139,7,12.45641737802973
C.Rodriguez,RB,-0.5866433915190862,1.5131073411854832,6,9.0786440471129
D.Evans,RB,-0.5866433915190862,1.0617059119686032,4,4.246823647874413
X.Smith,RB,-0.5866433915190862,0.9095228590886084,3,2.728568577265825
E.Mitchell,RB,-0.5866433915190862,0.6616256345179915,7,4.63137944162594
J.Ward,RB,-0.5866433915190862,-0.331956502282993,4,-1.327826009131972
T.Ebner,RB,-0.5866433915190862,-1.772001527828824,7,-12.40401069480177
D.Williams,RB,-0.5866433915190862,-0.3818123755530305,6,-2.2908742533181834
J.Howard,RB,-0.5866433915190862,-0.476197482086718,1,-0.476197482086718
P.Cooper,RB,-0.5866433915190862,-0.6363683640665844,2,-1.2727367281331687
G.Holani,RB,-0.5866433915190862,-0.590262617974076,2,-1.180525235948152
D.Ozigbo,RB,-0.5866433915190862,-0.5607342595467343,3,-1.682202778640203
K.Vaughn,RB,-0.5866433915190862,-0.6647864640344788,6,-3.988718784206873
T.Badie,RB,-0.5866433915190862,-0.514388834673446,5,-2.57194417336723
M.Farley,RB,-0.5866433915190862,-4.07862847321667,1,-4.07862847321667
R.Ali,RB,-0.5866433915190862,-0.4881740516575507,4,-1.952696206630203
T.Coleman,RB,-0.5866433915190862,-0.5491186309227434,2,-1.0982372618454868
K.Harris,RB,-0.5866433915190862,-0.3881892195553537,5,-1.9409460977767687
G.Igwebuike,RB,-0.5866433915190862,-4.216106308042069,1,-4.216106308042069
R.Freeman,RB,-0.5866433915190862,-4.222437159260156,4,-16.889748637040626
S.Conner,RB,-0.5866433915190862,-0.4104457263718358,5,-2.052228631859179
S.Brown,RB,-0.5866433915190862,-0.7998385470837037,2,-1.5996770941674074
A.Estime,RB,-0.6172647116411238,-0.6303881345505686,13,-8.195045749157392
A.Gibson,RB,-0.6330706309922484,-0.6529680193378893,32,-20.894976618812457
B.Bolden,RB,-0.6363738855626101,-0.6576869544384062,8,-5.2614956355072495
B.Jordan,WR/TE,-0.6408920218262065,-1.1127328122623488,11,-12.240060934885836
R.Mostert,RB,-0.6436498143342204,-0.6680811383978494,28,-18.706271875139784
C.Brate,WR/TE,-0.6443264958403302,-1.117639203711097,10,-11.176392037110968
D.Swift,RB,-0.6590595006535209,-0.6900949759968502,31,-21.39294425590236
T.Homer,RB,-0.6764294665054167,-0.7149092129281298,12,-8.578910555137558
M.Tipton,WR/TE,-0.6771527281361538,-1.1645338212765592,9,-10.480804391489032
Ja.Williams,RB,-0.6925450320700544,-0.7379314494490408,36,-26.565532180165462
K.Vidal,RB,-0.692933200641863,-0.738485975980196,9,-6.6463737838217645
E.Moore,WR/TE,-0.6964242400283348,-1.1920645525511036,31,-36.95400112908421
J.Jackson,RB,-0.710283574118781,-0.7632722238043645,15,-11.449083357065469
C.Stroud,QB,-0.7106143391641181,-0.6953175810762321,19,-13.211034040448409
T.Etienne,RB,-0.7111690981797684,-0.7645372581772036,34,-25.99426677802492
D.Ogunbowale,RB,-0.7254409341596145,-0.7849255952912697,28,-21.97791666815555
G.Edwards,RB,-0.7332519477314932,-0.7960841861082391,22,-17.51385209438126
D.Harris,RB,-0.7430418903812674,-0.8100698184650595,11,-8.910768003115654
B.Zappe,QB,-0.746306774702519,-3.341838686015117,5,-16.709193430075583
T.Boyle,QB,-0.746306774702519,-4.771269264780101,4,-19.085077059120405
D.Thompson-Robinson,QB,-0.746306774702519,-10.858291570116611,6,-65.14974942069966
S.Rattler,QB,-0.746306774702519,-10.173139697758987,7,-71.21197788431292
C.McCoy,QB,-0.746306774702519,-9.185906505256956,4,-36.74362602102782
S.Howell,QB,-0.746306774702519,-9.107658893759169,2,-18.21531778751833
J.Wolford,QB,-0.746306774702519,-8.846520515357854,2,-17.693041030715708
C.Beathard,QB,-0.746306774702519,-2.900285181360199,4,-11.601140725440796
C.Oladokun,QB,-0.746306774702519,-1.944941703928638,1,-1.944941703928638
J.Hekker,QB,-0.746306774702519,-2.8560173651203504,2,-5.712034730240701
S.Ehlinger,QB,-0.746306774702519,-8.750478973508258,4,-35.00191589403303
T.Siemian,QB,-0.746306774702519,-4.010455049202115,2,-8.02091009840423
T.McSorley,QB,-0.746306774702519,-8.697311957379528,5,-43.48655978689764
P.Walker,QB,-0.746306774702519,-3.0833427364290684,6,-18.50005641857441
M.Killebrew,QB,-0.746306774702519,-2.67772018973483,1,-2.67772018973483
B.Perkins,QB,-0.746306774702519,-3.2536419448992646,5,-16.268209724496323
D.Blough,QB,-0.746306774702519,-4.9176918025550105,2,-9.83538360511002
B.Hoyer,QB,-0.746306774702519,-2.12652387350422,1,-2.12652387350422
B.Anger,QB,-0.746306774702519,-2.642107585594175,4,-10.5684303423767
C.Keenum,QB,-0.746306774702519,-3.201154114125527,2,-6.402308228251054
C.Streveler,QB,-0.746306774702519,-2.46597345930058,1,-2.46597345930058
T.Townsend,QB,-0.746306774702519,-2.232292958047705,2,-4.46458591609541
D.Lock,QB,-0.746306774702519,-3.78856056444144,7,-26.51992395109008
M.White,QB,-0.746306774702519,-2.4409823982502568,5,-12.204911991251285
T.Lance,QB,-0.746306774702519,-3.5664707446634534,6,-21.39882446798072
T.DeVito,QB,-0.746306774702519,-5.374439219376653,2,-10.748878438753303
N.Peterman,QB,-0.746306774702519,-1.757257830468007,3,-5.271773491404022
J.Eason,QB,-0.746306774702519,-2.261281799641437,1,-2.261281799641437
B.Rypien,QB,-0.746306774702519,-6.998004642209737,4,-27.992018568838947
J.Milton,QB,-0.746306774702519,10.028768625099689,1,10.028768625099689
N.Foles,QB,-0.746306774702519,-19.21343635267989,2,-38.42687270535978
J.Scott,QB,-0.746306774702519,-1.5449253774713716,2,-3.089850754942743
J.Dobbs,QB,-0.746306774702519,-0.9740378047475564,4,-3.8961512189902257
B.Pinion,QB,-0.746306774702519,-0.947,1,-0.947
K.Trask,QB,-0.746306774702519,-1.258687174296938,4,-5.034748697187752
N.Sudfeld,QB,-0.746306774702519,-0.4493639034004585,2,-0.898727806800917
T.Bridgewater,QB,-0.746306774702519,-0.4391261184338175,6,-2.634756710602905
R.Wright,QB,-0.746306774702519,-0.2046066896291449,2,-0.4092133792582899
P.Sewell,QB,-0.746306774702519,0.0422977981215794,2,0.0845955962431589
T.Bagent,QB,-0.746306774702519,0.079716875232407,4,0.318867500929628
J.Stidham,QB,-0.746306774702519,0.1843278973983125,5,0.9216394869915624
B.Gabbert,QB,-0.746306774702519,0.215244197926942,1,0.215244197926942
C.Henne,QB,-0.746306774702519,0.2718127347567766,3,0.8154382042703298
H.Hooker,QB,-0.746306774702519,-0.245083108958664,3,-0.7352493268759921
B.Mann,QB,-0.746306774702519,0.4460220436158151,2,0.8920440872316302
J.Fox,QB,-0.746306774702519,3.29501384845935,2,6.5900276969187
T.McKee,QB,-0.746306774702519,6.4782453368851485,2,12.956490673770295
D.Webb,QB,-0.746306774702519,4.412417554508343,1,4.412417554508343
C.Daniel,QB,-0.746306774702519,0.5404751151832193,3,1.621425345549658
T.Way,QB,-0.746306774702519,3.98421560344286,1,3.98421560344286
A.Cole,QB,-0.746306774702519,4.33391802990809,1,4.33391802990809
J.Driskel,QB,-0.746306774702519,-1.5947432410238052,7,-11.163202687166637
M.Penix,QB,-0.746306774702519,3.0277472179385145,5,15.138736089692571
A.Lee,QB,-0.746306774702519,2.86447695572861,1,2.86447695572861
R.Dixon,QB,-0.746306774702519,1.74468800186878,4,6.97875200747512
J.Brooks,WR/TE,-0.7484813416835416,-1.2664318406299704,15,-18.99647760944956
C.Edmonds,RB,-0.7492605887192738,-0.81895367323364,13,-10.64639775203732
D.Maye,QB,-0.7662244716317604,-0.7747606274585782,13,-10.071888156961515
M.Sanders,RB,-0.7709826967051727,-0.8499852560706385,31,-26.349542938189792
J.Mingo,WR/TE,-0.7967009867814387,-1.3353170479126806,14,-18.69443867077753
P.Taylor,RB,-0.8163055825943248,-0.9147322359122844,9,-8.23259012321056
T.Chandler,RB,-0.8294003982684922,-0.9334391154468092,11,-10.2678302699149
A.Green,WR/TE,-0.8294287270232686,-1.382070962543866,13,-17.96692251307026
C.Akers,RB,-0.831327979067936,-0.9361928023031574,31,-29.02197687139788
S.Michel,RB,-0.8347875364885423,-0.941135027189738,10,-9.41135027189738
T.Pollard,RB,-0.8418400185031881,-0.9512100014963748,34,-32.341140050876746
T.Sermon,RB,-0.8484915191669421,-0.9607121453017377,15,-14.410682179526065
O.Beckham,WR/TE,-0.8490204045377248,-1.4100590732788034,8,-11.280472586230427
J.Proche,WR/TE,-0.8518947336004513,-1.414165257654127,9,-12.727487318887144
D.Singletary,RB,-0.8686015195494745,-0.989440717276784,33,-32.65154367013388
J.McLaughlin,RB,-0.8879775206145158,-1.0171207187982716,17,-17.291052219570616
A.Mattison,RB,-0.8881225867962683,-1.017327956200775,32,-32.5544945984248
B.Young,QB,-0.8921916517946401,-0.9547137419769778,14,-13.36599238767769
N.Harris,RB,-0.9168942037609245,-1.0584302661502838,35,-37.045059315259934
L.Murray,RB,-0.9211534344663974,-1.0645148814438166,13,-13.838693458769615
B.Allen,RB,-0.9305891883674894,-1.077994529873948,20,-21.55989059747896
Z.Charbonnet,RB,-0.9469685456508895,-1.1013936117073768,17,-18.723691399025405
Z.Moss,RB,-0.974306251852037,-1.140447477709016,21,-23.94939703188934
A.Dalton,QB,-0.9796865847145418,-1.079706503291123,20,-21.594130065822466
D.Foreman,RB,-0.9895238689481202,-1.1621869307034205,26,-30.216860198288927
C.Patterson,RB,-1.0016830023420211,-1.179557121266136,26,-30.668485152919537
D.Jackson,RB,-1.0058912385382448,-1.1855688872607413,19,-22.52580885795408
J.Robinson,RB,-1.009204021473811,-1.19030143431155,11,-13.093315777427051
J.Polk,WR/TE,-1.0162391456994788,-1.6489429892241665,13,-21.436258859914165
K.Walker,RB,-1.02097701909177,-1.207120002337206,27,-32.59224006310456
M.Boone,RB,-1.022107573879656,-1.2087350806056143,13,-15.71355604787299
J.Chestnut,RB,-1.028069380942774,-1.21725194783864,10,-12.172519478386398
M.Woods,WR/TE,-1.0300943194836105,-1.668736094630069,11,-18.35609704093076
E.Gray,RB,-1.0340592839054363,-1.225808952071015,10,-12.258089520710149
E.Elliott,RB,-1.0362139351216353,-1.2288870252370134,32,-39.32438480758443
C.Steele,RB,-1.0443487673895853,-1.2405082141912278,12,-14.886098570294733
K.Ingram,RB,-1.0475557632186565,-1.2450896368041868,10,-12.45089636804187
R.Wilson,QB,-1.1191810881546993,-1.278984365348491,27,-34.532577864409255
B.Hall,RB,-1.1537273163080695,-1.3967632840747766,16,-22.348212545196425
D.Pierce,RB,-1.2072018935907323,-1.4731555373357237,24,-35.35573289605736
K.Drake,RB,-1.2506844356195135,-1.5352734545196969,12,-18.42328145423636
T.Tracy,RB,-1.2706084255593957,-1.5637362972909572,17,-26.583517053946277
K.Williams,RB,-1.2881341106954363,-1.5887729903424437,26,-41.308097748903535
R.Stevenson,RB,-1.3094451960816733,-1.619217398037068,32,-51.81495673718617
R.Burkhead,WR/TE,-1.3157436246279561,-2.0768065305505625,15,-31.15209795825844
Mi.Carter,RB,-1.3211757079576438,-1.6359752721455971,16,-26.175604354329558
M.Willis,QB,-1.3726610820605887,-1.6410986423569045,13,-21.33428235063976
L.Fournette,RB,-1.3946753260175564,-1.7409747265169009,17,-29.596570350787317
J.Wright,RB,-1.4241493507156795,-1.7830804760856482,13,-23.180046189113423
M.Ingram,RB,-1.5543096270686663,-1.9690237280184864,10,-19.690237280184864
T.Heinicke,QB,-1.580988749433831,-1.9387095957472509,13,-25.20322474471426
A.Richardson,QB,-1.5861514174584932,-1.9460848357824825,11,-21.406933193607305
Z.White,RB,-1.651515084357046,-2.107888667001886,19,-40.04988467303584
J.Haener,QB,-1.6680594410427925,-2.063096298045767,8,-16.504770384366136
J.Winston,QB,-1.6710634973785499,-2.067387807096849,14,-28.94342929935589
J.McKissic,WR/TE,-1.7676728595266082,-2.722419723262923,8,-21.779357786103382
A.Kamara,RB,-1.8360346584390355,-2.3714880585475853,29,-68.77315369787998
C.Williams,QB,-1.9407216517035217,-2.452613741846809,17,-41.69443361139576
D.Cook,RB,-2.0535777960399013,-2.682263969405965,20,-53.6452793881193
J.Flacco,QB,-2.133163249866862,-2.7275303106515807,12,-32.73036372781897
M.Gordon,RB,-2.1790324670263885,-2.86148492795809,10,-28.6148492795809
J.Taylor,RB,-2.299377488611935,-3.0334063873660138,29,-87.9687852336144
C.Rush,QB,-2.437398310156845,-3.1621518253515566,20,-63.243036507031135
Z.Wilson,QB,-2.5495592484249454,-3.3223817371631283,9,-29.901435634468157
G.Minshew,QB,-2.567826824804056,-3.3484782748475723,16,-53.57565239756116
T.Huntley,QB,-3.054267569297683,-4.043393624124183,11,-44.47732986536601
D.Ridder,QB,-3.063312784408625,-4.056315359996956,9,-36.50683823997261
C.Wentz,QB,-3.0835271344571167,-4.085193002923373,10,-40.85193002923373
D.Mills,QB,-3.1661481561704505,-4.203223033942422,19,-79.86123764490601
M.Ryan,QB,-3.4303799589091546,-4.580697037854856,12,-54.96836445425827
D.Watson,QB,-4.565513583323633,-6.202316501304111,13,-80.63011451695344
W.Levis,QB,-4.918706575822905,-6.706877919160213,12,-80.48253502992256
S.Thompson,QB,-5.0656335578717115,-6.916773607801365,10,-69.16773607801365
