date,team,elo_post
2019-09-05,CHICAGO BEARS,1476.527801394097
2019-09-05,GREEN BAY PACKERS,1523.472198605903
2019-09-08,CLEVELAND BROWNS,1461.238040089989
2019-09-08,TENNESSEE TITANS,1538.761959910011
2019-09-08,MINNESOTA VIKINGS,1523.3016317233153
2019-09-08,ATLANTA FALCONS,1476.6983682766847
2019-09-08,NEW YORK JETS,1492.1759337980322
2019-09-08,BUFFALO BILLS,1507.8240662019678
2019-09-08,PHILADELPHIA EAGLES,1514.7362426399354
2019-09-08,WASHINGTON REDSKINS,1485.2637573600646
2019-09-08,LOS ANGELES CHARGERS,1516.004047755554
2019-09-08,INDIANAPOLIS COLTS,1483.995952244446
2019-09-08,SEATTLE SEAHAWKS,1505.7007568333484
2019-09-08,CINCINNATI BENGALS,1494.2992431666516
2019-09-08,DALLAS COWBOYS,1524.2164017998318
2019-09-08,NEW YORK GIANTS,1475.7835982001682
2019-09-08,TAMPA BAY BUCCANEERS,1469.432229336114
2019-09-08,SAN FRANCISCO 49ERS,1530.567770663886
2019-09-08,NEW ENGLAND PATRIOTS,1528.242668470187
2019-09-08,PITTSBURGH STEELERS,1471.757331529813
2019-09-09,NEW ORLEANS SAINTS,1509.035485806587
2019-09-09,HOUSTON TEXANS,1490.964514193413
2019-09-12,CAROLINA PANTHERS,1476.7474339679707
2019-09-12,TAMPA BAY BUCCANEERS,1492.6847953681433
2019-09-15,GREEN BAY PACKERS,1538.1989577245072
2019-09-15,MINNESOTA VIKINGS,1508.5748726047111
2019-09-15,BALTIMORE RAVENS,1516.004047755554
2019-09-15,ARIZONA CARDINALS,1483.995952244446
2019-09-15,CINCINNATI BENGALS,1460.663143424827
2019-09-15,SAN FRANCISCO 49ERS,1564.2038704057106
2019-09-15,LOS ANGELES RAMS,1525.048236257365
2019-09-15,NEW ORLEANS SAINTS,1483.987249549222
2019-09-15,HOUSTON TEXANS,1496.86109227251
2019-09-15,JACKSONVILLE JAGUARS,1494.103421920903
2019-09-15,PITTSBURGH STEELERS,1460.2166587910083
2019-09-15,SEATTLE SEAHAWKS,1517.241429572153
2019-09-15,TENNESSEE TITANS,1525.0977733541158
2019-09-15,INDIANAPOLIS COLTS,1497.6601388003412
2019-09-22,INDIANAPOLIS COLTS,1508.1764312265122
2019-09-22,ATLANTA FALCONS,1466.1820758505137
2019-09-22,MINNESOTA VIKINGS,1532.810145370003
2019-09-22,OAKLAND RAIDERS,1475.764727234708
2019-09-22,BUFFALO BILLS,1518.8077936137586
2019-09-22,CINCINNATI BENGALS,1449.6794160130362
2019-09-22,DALLAS COWBOYS,1548.6163297796215
2019-09-22,MIAMI DOLPHINS,1475.6000720202103
2019-09-22,GREEN BAY PACKERS,1555.7924039546879
2019-09-22,DENVER BRONCOS,1482.4065537698193
2019-09-22,KANSAS CITY CHIEFS,1515.6377517362976
2019-09-22,BALTIMORE RAVENS,1500.3662960192564
2019-09-22,SAN FRANCISCO 49ERS,1572.7874877584184
2019-09-22,PITTSBURGH STEELERS,1451.6330414383006
2019-09-22,PHILADELPHIA EAGLES,1498.6378363782192
2019-09-22,DETROIT LIONS,1516.0984062617163
2019-09-22,ARIZONA CARDINALS,1450.2856959946314
2019-09-22,CAROLINA PANTHERS,1510.4576902177853
2019-09-22,TAMPA BAY BUCCANEERS,1484.6031286162804
2019-09-22,NEW YORK GIANTS,1483.865264952031
2019-09-22,LOS ANGELES CHARGERS,1491.6587190422083
2019-09-22,HOUSTON TEXANS,1521.2064209858556
2019-09-22,SEATTLE SEAHAWKS,1493.8801929691263
2019-09-22,NEW ORLEANS SAINTS,1507.3484861522488
2019-09-22,NEW ENGLAND PATRIOTS,1548.4765897079087
2019-09-22,NEW YORK JETS,1471.9420125603106
2019-09-26,GREEN BAY PACKERS,1529.8326555252045
2019-09-26,PHILADELPHIA EAGLES,1524.5975848077026
2019-09-29,INDIANAPOLIS COLTS,1483.2484397867668
2019-09-29,OAKLAND RAIDERS,1500.6927186744535
2019-09-29,LOS ANGELES RAMS,1491.3534925443194
2019-09-29,TAMPA BAY BUCCANEERS,1518.297872329326
2019-09-29,DENVER BRONCOS,1470.2965698765004
2019-09-29,JACKSONVILLE JAGUARS,1506.213405814222
2019-09-29,NEW YORK GIANTS,1509.4217176418729
2019-09-29,WASHINGTON REDSKINS,1459.7073046702228
2019-09-29,ATLANTA FALCONS,1439.4543375486182
2019-09-29,TENNESSEE TITANS,1551.8255116560113
2019-09-29,HOUSTON TEXANS,1498.7784918764648
2019-09-29,CAROLINA PANTHERS,1532.885619327176
2019-09-29,BALTIMORE RAVENS,1466.7458425761972
2019-09-29,CLEVELAND BROWNS,1494.8584935330482
2019-09-30,PITTSBURGH STEELERS,1477.9116933231421
2019-09-30,CINCINNATI BENGALS,1423.4007641281946
2019-10-03,SEATTLE SEAHAWKS,1499.5267114556334
2019-10-03,LOS ANGELES RAMS,1485.7069740578122
2019-10-06,CAROLINA PANTHERS,1548.3074356936927
2019-10-06,JACKSONVILLE JAGUARS,1490.7915894477053
2019-10-06,CINCINNATI BENGALS,1408.6075018458423
2019-10-06,ARIZONA CARDINALS,1465.0789582769837
2019-10-06,HOUSTON TEXANS,1518.827787471395
2019-10-06,ATLANTA FALCONS,1419.4050419536882
2019-10-06,NEW ORLEANS SAINTS,1525.1637441731243
2019-10-06,TAMPA BAY BUCCANEERS,1500.4826143084506
2019-10-06,OAKLAND RAIDERS,1511.076813332166
2019-10-06,CHICAGO BEARS,1466.1437067363845
2019-10-06,PHILADELPHIA EAGLES,1546.330741228647
2019-10-06,NEW YORK JETS,1450.2088561393662
2019-10-06,TENNESSEE TITANS,1526.8713791406403
2019-10-06,BUFFALO BILLS,1543.7619261291295
2019-10-06,LOS ANGELES CHARGERS,1467.2145974972782
2019-10-06,DENVER BRONCOS,1494.7406914214305
2019-10-06,DALLAS COWBOYS,1520.5611638031965
2019-10-06,GREEN BAY PACKERS,1557.8878215016296
2019-10-06,KANSAS CITY CHIEFS,1492.3114165482066
2019-10-06,INDIANAPOLIS COLTS,1506.5747749748577
2019-10-07,SAN FRANCISCO 49ERS,1592.9526178576375
2019-10-07,CLEVELAND BROWNS,1474.693363433829
2019-10-10,NEW ENGLAND PATRIOTS,1570.285417253779
2019-10-10,NEW YORK GIANTS,1487.6128900960025
2019-10-13,DENVER BRONCOS,1520.938275071292
2019-10-13,TENNESSEE TITANS,1500.6737954907787
2019-10-13,LOS ANGELES RAMS,1463.7760558961754
2019-10-13,SAN FRANCISCO 49ERS,1614.8835360192743
2019-10-13,MINNESOTA VIKINGS,1558.2757202166076
2019-10-13,PHILADELPHIA EAGLES,1520.8651663820424
2019-10-13,KANSAS CITY CHIEFS,1470.1035600293387
2019-10-13,HOUSTON TEXANS,1541.0356439902628
2019-10-13,LOS ANGELES CHARGERS,1444.2454272469884
2019-10-13,PITTSBURGH STEELERS,1500.880863573432
2019-10-13,CLEVELAND BROWNS,1457.4416229631363
2019-10-13,SEATTLE SEAHAWKS,1516.7784519263262
2019-10-13,BALTIMORE RAVENS,1479.4308397019258
2019-10-13,CINCINNATI BENGALS,1395.9225047201137
2019-10-13,TAMPA BAY BUCCANEERS,1475.2028906270755
2019-10-13,CAROLINA PANTHERS,1573.5871593750678
2019-10-13,JACKSONVILLE JAGUARS,1468.9686409806013
2019-10-13,NEW ORLEANS SAINTS,1546.9866926402283
2019-10-14,GREEN BAY PACKERS,1562.723989506521
2019-10-14,DETROIT LIONS,1511.2622382568247
2019-10-20,GREEN BAY PACKERS,1582.447699157836
2019-10-20,OAKLAND RAIDERS,1491.353103680851
2019-10-20,INDIANAPOLIS COLTS,1525.9603469426067
2019-10-20,HOUSTON TEXANS,1521.6500720225138
2019-10-20,BUFFALO BILLS,1558.7410703497733
2019-10-20,MIAMI DOLPHINS,1460.6209277995665
2019-10-20,NEW YORK GIANTS,1464.6898331909424
2019-10-20,ARIZONA CARDINALS,1488.0020151820438
2019-10-20,CHICAGO BEARS,1443.4066524869709
2019-10-20,NEW ORLEANS SAINTS,1569.723746889642
2019-10-20,SEATTLE SEAHAWKS,1484.039134670311
2019-10-20,BALTIMORE RAVENS,1512.1701569579411
2019-10-20,DALLAS COWBOYS,1547.9981721112226
2019-10-20,PHILADELPHIA EAGLES,1493.4281580740162
2019-10-20,TENNESSEE TITANS,1509.7760583824822
2019-10-20,LOS ANGELES CHARGERS,1435.1431643552849
2019-10-24,MINNESOTA VIKINGS,1571.3812679823632
2019-10-24,WASHINGTON REDSKINS,1446.6017569044673
2019-10-27,BUFFALO BILLS,1521.5246300070316
2019-10-27,PHILADELPHIA EAGLES,1530.6445984167578
2019-10-27,NEW ENGLAND PATRIOTS,1584.1561869071495
2019-10-27,CLEVELAND BROWNS,1443.5708533097659
2019-10-27,HOUSTON TEXANS,1531.7834838700824
2019-10-27,OAKLAND RAIDERS,1481.2196918332825
2019-10-27,TENNESSEE TITANS,1521.3398396207072
2019-10-27,TAMPA BAY BUCCANEERS,1463.6391093888506
2019-10-27,NEW ORLEANS SAINTS,1588.1920386415854
2019-10-27,ARIZONA CARDINALS,1469.5337234301003
2019-10-27,CINCINNATI BENGALS,1369.9948851644317
2019-10-27,LOS ANGELES RAMS,1489.7036754518572
2019-10-27,SAN FRANCISCO 49ERS,1640.4962697613034
2019-10-27,CAROLINA PANTHERS,1547.9744256330387
2019-10-27,INDIANAPOLIS COLTS,1534.8253330492703
2019-10-27,DENVER BRONCOS,1512.0732889646285
2019-10-27,DETROIT LIONS,1523.5200126485656
2019-10-27,NEW YORK GIANTS,1452.4320587992015
2019-10-27,CHICAGO BEARS,1435.4554619369228
2019-10-27,LOS ANGELES CHARGERS,1443.094354905333
2019-10-27,JACKSONVILLE JAGUARS,1489.6901236918836
2019-10-27,NEW YORK JETS,1429.4873734280839
2019-10-28,PITTSBURGH STEELERS,1519.4094052021958
2019-10-28,MIAMI DOLPHINS,1442.0923861708027
2019-11-03,HOUSTON TEXANS,1553.9295415951085
2019-11-03,JACKSONVILLE JAGUARS,1467.5440659668575
2019-11-03,BUFFALO BILLS,1538.3467265455038
2019-11-03,WASHINGTON REDSKINS,1429.7796603659951
2019-11-03,CAROLINA PANTHERS,1565.76066261519
2019-11-03,TENNESSEE TITANS,1503.5536026385557
2019-11-03,PHILADELPHIA EAGLES,1542.8368740379788
2019-11-03,CHICAGO BEARS,1423.263186315702
2019-11-03,PITTSBURGH STEELERS,1528.9770945164737
2019-11-03,INDIANAPOLIS COLTS,1525.2576437349924
2019-11-03,OAKLAND RAIDERS,1501.139367376767
2019-11-03,DETROIT LIONS,1503.600337105081
2019-11-03,SEATTLE SEAHAWKS,1498.8332822401271
2019-11-03,TAMPA BAY BUCCANEERS,1448.8449618190343
2019-11-10,NEW ORLEANS SAINTS,1547.0635565483446
2019-11-10,ATLANTA FALCONS,1460.533524046929
2019-11-10,CHICAGO BEARS,1445.3173808165823
2019-11-10,DETROIT LIONS,1481.5461426042007
2019-11-10,CLEVELAND BROWNS,1458.7397343361297
2019-11-10,BUFFALO BILLS,1523.17784551914
2019-11-10,TAMPA BAY BUCCANEERS,1461.1513634431278
2019-11-10,ARIZONA CARDINALS,1457.2273218060068
2019-11-10,GREEN BAY PACKERS,1599.397325073232
2019-11-10,CAROLINA PANTHERS,1548.8110366997942
2019-11-10,INDIANAPOLIS COLTS,1504.3908024397886
2019-11-10,MIAMI DOLPHINS,1462.9592274660065
2019-11-10,DALLAS COWBOYS,1530.6919351494619
2019-11-10,MINNESOTA VIKINGS,1588.687504944124
2019-11-11,SAN FRANCISCO 49ERS,1621.2497981696608
2019-11-11,SEATTLE SEAHAWKS,1518.0797538317697
2019-11-14,CLEVELAND BROWNS,1486.8127001215023
2019-11-14,PITTSBURGH STEELERS,1500.904128731101
2019-11-17,BALTIMORE RAVENS,1546.1647705502266
2019-11-17,HOUSTON TEXANS,1519.934928002823
2019-11-17,MINNESOTA VIKINGS,1598.3809776558653
2019-11-17,DENVER BRONCOS,1502.3798162528872
2019-11-17,INDIANAPOLIS COLTS,1526.065160135377
2019-11-17,JACKSONVILLE JAGUARS,1445.869708271269
2019-11-17,CAROLINA PANTHERS,1505.7846784096012
2019-11-17,ATLANTA FALCONS,1503.559882337122
2019-11-17,SAN FRANCISCO 49ERS,1630.8817665937931
2019-11-17,ARIZONA CARDINALS,1447.5953533818745
2019-11-17,OAKLAND RAIDERS,1510.9214812079615
2019-11-17,CINCINNATI BENGALS,1360.2127713332372
2019-11-17,LOS ANGELES RAMS,1506.2566646998343
2019-11-17,CHICAGO BEARS,1428.764391568605
2019-11-17,WASHINGTON REDSKINS,1397.1349874198745
2019-11-17,NEW YORK JETS,1462.1320463742045
2019-11-18,LOS ANGELES CHARGERS,1420.9105205477508
2019-11-18,KANSAS CITY CHIEFS,1492.2873943869208
2019-11-21,HOUSTON TEXANS,1531.6015330621553
2019-11-21,INDIANAPOLIS COLTS,1514.3985550760447
2019-11-24,CLEVELAND BROWNS,1508.4898698378486
2019-11-24,MIAMI DOLPHINS,1441.2820577496602
2019-11-24,ATLANTA FALCONS,1471.3829754700876
2019-11-24,TAMPA BAY BUCCANEERS,1493.3282703101622
2019-11-24,BUFFALO BILLS,1545.1180579769432
2019-11-24,DENVER BRONCOS,1480.439603795084
2019-11-24,CHICAGO BEARS,1444.8415429566155
2019-11-24,NEW YORK GIANTS,1436.354907411191
2019-11-24,SAN FRANCISCO 49ERS,1655.6253430435781
2019-11-24,GREEN BAY PACKERS,1574.653748623447
2019-11-24,NEW ENGLAND PATRIOTS,1594.8557350037058
2019-11-24,DALLAS COWBOYS,1519.9923870529055
2019-11-24,TENNESSEE TITANS,1524.032442839623
2019-11-24,JACKSONVILLE JAGUARS,1425.3908680702018
2019-11-24,NEW ORLEANS SAINTS,1556.7561273408805
2019-11-24,CAROLINA PANTHERS,1496.0921076170653
2019-11-28,DALLAS COWBOYS,1493.373383903343
2019-11-28,BUFFALO BILLS,1571.7370611265058
2019-12-01,BALTIMORE RAVENS,1561.796156172794
2019-12-01,SAN FRANCISCO 49ERS,1639.9939574210107
2019-12-01,CAROLINA PANTHERS,1467.0095498040025
2019-12-01,WASHINGTON REDSKINS,1426.2175452329373
2019-12-01,KANSAS CITY CHIEFS,1522.8255792965103
2019-12-01,OAKLAND RAIDERS,1480.383296298372
2019-12-02,SEATTLE SEAHAWKS,1540.1321898205174
2019-12-02,MINNESOTA VIKINGS,1576.3285416671176
2019-12-08,HOUSTON TEXANS,1498.1107214992915
2019-12-08,DENVER BRONCOS,1513.9304153579478
2019-12-08,ATLANTA FALCONS,1496.0108095428195
2019-12-08,CAROLINA PANTHERS,1442.3817157312706
2019-12-08,CLEVELAND BROWNS,1518.016816981151
2019-12-08,CINCINNATI BENGALS,1350.685824189935
2019-12-08,GREEN BAY PACKERS,1582.416696507565
2019-12-08,WASHINGTON REDSKINS,1418.4545973488193
2019-12-08,MINNESOTA VIKINGS,1590.9991975889961
2019-12-08,DETROIT LIONS,1466.8754866823222
2019-12-08,NEW ENGLAND PATRIOTS,1568.3126428190467
2019-12-08,KANSAS CITY CHIEFS,1549.3686714811695
2019-12-08,TAMPA BAY BUCCANEERS,1505.6516218750126
2019-12-08,INDIANAPOLIS COLTS,1502.0752035111943
2019-12-08,LOS ANGELES RAMS,1532.615196586139
2019-12-08,SEATTLE SEAHAWKS,1513.7736579342127
2019-12-08,NEW YORK JETS,1467.3925069062302
2019-12-08,MIAMI DOLPHINS,1436.0215972176345
2019-12-08,NEW ORLEANS SAINTS,1546.7888742686532
2019-12-08,SAN FRANCISCO 49ERS,1649.961210493238
2019-12-09,PHILADELPHIA EAGLES,1553.0980514558491
2019-12-09,NEW YORK GIANTS,1426.0937299933207
2019-12-12,BALTIMORE RAVENS,1579.0085485701209
2019-12-12,NEW YORK JETS,1450.1801145089034
2019-12-15,TENNESSEE TITANS,1507.6021558250866
2019-12-15,HOUSTON TEXANS,1514.5410085138278
2019-12-15,GREEN BAY PACKERS,1592.443443525515
2019-12-15,CHICAGO BEARS,1434.8147959386654
2019-12-15,KANSAS CITY CHIEFS,1571.1671089928777
2019-12-15,DENVER BRONCOS,1492.1319778462396
2019-12-15,OAKLAND RAIDERS,1460.3585338381947
2019-12-15,JACKSONVILLE JAGUARS,1445.415630530379
2019-12-15,SAN FRANCISCO 49ERS,1620.7525182706456
2019-12-15,ATLANTA FALCONS,1525.219501765412
2019-12-15,PITTSBURGH STEELERS,1481.1984941809555
2019-12-15,BUFFALO BILLS,1591.4426956766513
2019-12-15,NEW YORK GIANTS,1450.275453412936
2019-12-15,MIAMI DOLPHINS,1411.8398737980192
2019-12-16,NEW ORLEANS SAINTS,1569.7605498591834
2019-12-16,INDIANAPOLIS COLTS,1479.1035279206642
2019-12-21,NEW ENGLAND PATRIOTS,1586.93516538931
2019-12-21,BUFFALO BILLS,1572.820173106388
2019-12-21,SAN FRANCISCO 49ERS,1628.6903187642738
2019-12-21,LOS ANGELES RAMS,1524.677396092511
2019-12-22,DENVER BRONCOS,1510.0159222790492
2019-12-22,DETROIT LIONS,1448.9915422495126
2019-12-22,ATLANTA FALCONS,1540.454600352399
2019-12-22,JACKSONVILLE JAGUARS,1430.180531943392
2019-12-22,INDIANAPOLIS COLTS,1504.0082486744302
2019-12-22,CAROLINA PANTHERS,1417.4769949775045
2019-12-22,SEATTLE SEAHAWKS,1479.5010403007477
2019-12-22,ARIZONA CARDINALS,1481.8679710153394
2019-12-22,LOS ANGELES CHARGERS,1399.3384172191886
2019-12-22,OAKLAND RAIDERS,1481.930637166757
2019-12-23,MINNESOTA VIKINGS,1561.295632872726
2019-12-23,GREEN BAY PACKERS,1622.1470082417852
2019-12-29,KANSAS CITY CHIEFS,1580.4361591685235
2019-12-29,LOS ANGELES CHARGERS,1390.0693670435428
2019-12-29,NEW ENGLAND PATRIOTS,1567.1072842945514
2019-12-29,MIAMI DOLPHINS,1431.6677548927778
2019-12-29,TAMPA BAY BUCCANEERS,1485.2498994911994
2019-12-29,ATLANTA FALCONS,1560.8563227362122
2019-12-29,DALLAS COWBOYS,1514.4013771920377
2019-12-29,WASHINGTON REDSKINS,1397.4266040601246
2019-12-29,DENVER BRONCOS,1515.1276524390485
2019-12-29,OAKLAND RAIDERS,1476.8189070067576
2019-12-29,LOS ANGELES RAMS,1539.1253642934812
2019-12-29,ARIZONA CARDINALS,1467.4200028143691
2020-01-04,NEW ENGLAND PATRIOTS (3),1476.527801394097
2020-01-04,TENNESSEE TITANS (6),1523.472198605903
2020-01-04,HOUSTON TEXANS (4),1511.4015136666967
2020-01-04,BUFFALO BILLS (5),1488.5984863333033
2020-01-05,PHILADELPHIA EAGLES (4),1475.1982969334429
2020-01-05,SEATTLE SEAHAWKS (5),1524.8017030665571
2020-01-05,NEW ORLEANS SAINTS (3),1478.0350692374016
2020-01-05,MINNESOTA VIKINGS (6),1521.9649307625984
2020-01-11,BALTIMORE RAVENS (1),1469.5404310804283
2020-01-11,TENNESSEE TITANS (6),1553.9317675254747
2020-01-11,SAN FRANCISCO 49ERS (1),1525.7766689873922
2020-01-11,MINNESOTA VIKINGS (6),1496.1882617752062
2020-01-12,KANSAS CITY CHIEFS (2),1526.1269167241398
2020-01-12,HOUSTON TEXANS (4),1485.2745969425569
2020-01-12,GREEN BAY PACKERS (2),1516.142567859897
2020-01-12,SEATTLE SEAHAWKS (5),1508.65913520666
2020-01-19,KANSAS CITY CHIEFS (2),1548.755193772022
2020-01-19,TENNESSEE TITANS (6),1531.3034904775925
2020-01-19,SAN FRANCISCO 49ERS (1),1548.6913420075987
2020-01-19,GREEN BAY PACKERS (2),1493.2278948396906
2020-02-02,SAN FRANCISCO 49ERS (1),1520.6459096404878
2020-02-02,KANSAS CITY CHIEFS (2),1576.8006261391329
2020-09-10,KANSAS CITY CHIEFS,1578.636107659358
2020-09-10,HOUSTON TEXANS,1492.5967681024053
2020-09-13,ATLANTA FALCONS,1512.5005503758528
2020-09-13,SEATTLE SEAHAWKS,1517.7674719018673
2020-09-13,BALTIMORE RAVENS,1583.258655754043
2020-09-13,CLEVELAND BROWNS,1489.5103684094106
2020-09-13,BUFFALO BILLS,1568.112941104695
2020-09-13,NEW YORK JETS,1449.1372746067736
2020-09-13,DETROIT LIONS,1443.197889368611
2020-09-13,CHICAGO BEARS,1469.6568642725226
2020-09-13,MINNESOTA VIKINGS,1522.4257973579129
2020-09-13,GREEN BAY PACKERS,1615.1561834779704
2020-09-13,NEW ENGLAND PATRIOTS,1563.2592910372023
2020-09-13,MIAMI DOLPHINS,1435.8219883532945
2020-09-13,NEW ORLEANS SAINTS,1568.1631931229786
2020-09-13,TAMPA BAY BUCCANEERS,1473.0946438898084
2020-09-13,SAN FRANCISCO 49ERS,1574.65337227424
2020-09-13,ARIZONA CARDINALS,1497.4293689097422
2020-09-13,LOS ANGELES RAMS,1539.9606995794384
2020-09-13,DALLAS COWBOYS,1500.1843565347008
2020-09-17,CLEVELAND BROWNS,1499.1747213748886
2020-09-17,CINCINNATI BENGALS,1378.350015176973
2020-09-20,SEATTLE SEAHAWKS,1535.1198474974537
2020-09-20,NEW ENGLAND PATRIOTS,1545.9069154416159
2020-09-20,ARIZONA CARDINALS,1520.454071215672
2020-09-20,WASHINGTON FOOTBALL TEAM,1476.9752976940702
2020-09-20,TENNESSEE TITANS,1514.7413392921417
2020-09-20,JACKSONVILLE JAGUARS,1438.5956765342173
2020-09-20,PITTSBURGH STEELERS,1502.078698897599
2020-09-20,DENVER BRONCOS,1495.165911067404
2020-09-20,TAMPA BAY BUCCANEERS,1492.5194179500857
2020-09-20,CAROLINA PANTHERS,1418.6829721728511
2020-09-20,INDIANAPOLIS COLTS,1528.5471479630012
2020-09-20,MINNESOTA VIKINGS,1496.8848359007343
2020-09-20,GREEN BAY PACKERS,1627.09694023778
2020-09-20,DETROIT LIONS,1431.2571326088014
2020-09-20,DALLAS COWBOYS,1506.1527319004065
2020-09-20,ATLANTA FALCONS,1506.532175010147
2020-09-20,CHICAGO BEARS,1482.548511851916
2020-09-20,NEW YORK GIANTS,1449.8149424803087
2020-09-20,PHILADELPHIA EAGLES,1506.5965132100441
2020-09-20,LOS ANGELES RAMS,1573.1877249612812
2020-09-24,JACKSONVILLE JAGUARS,1405.1773220114512
2020-09-24,MIAMI DOLPHINS,1469.2403428760606
2020-09-27,ATLANTA FALCONS,1487.52321455655
2020-09-27,CHICAGO BEARS,1501.5574723055129
2020-09-27,BUFFALO BILLS,1579.7337159509336
2020-09-27,LOS ANGELES RAMS,1561.5669501150426
2020-09-27,PITTSBURGH STEELERS,1518.5740291120346
2020-09-27,HOUSTON TEXANS,1476.1014378879697
2020-09-27,NEW ENGLAND PATRIOTS,1565.342804457375
2020-09-27,LAS VEGAS RAIDERS,1480.5641109842409
2020-09-27,CLEVELAND BROWNS,1519.617746275219
2020-09-27,WASHINGTON FOOTBALL TEAM,1456.5322727937398
2020-09-27,LOS ANGELES CHARGERS,1397.3725141826737
2020-09-27,CAROLINA PANTHERS,1438.8624832728344
2020-09-27,ARIZONA CARDINALS,1502.334280684332
2020-09-27,DETROIT LIONS,1449.3769231401413
2020-09-27,SEATTLE SEAHAWKS,1550.401107547827
2020-09-27,DALLAS COWBOYS,1490.8714718500332
2020-09-27,NEW ORLEANS SAINTS,1547.640902118951
2020-09-27,GREEN BAY PACKERS,1647.6192312418075
2020-09-27,INDIANAPOLIS COLTS,1548.7841372812406
2020-09-27,NEW YORK JETS,1428.9002852885342
2020-09-28,BALTIMORE RAVENS,1552.4120045793252
2020-09-28,KANSAS CITY CHIEFS,1609.4827588340759
2020-10-01,NEW YORK JETS,1406.7342940643916
2020-10-01,DENVER BRONCOS,1517.3319022915466
2020-10-04,LOS ANGELES RAMS,1572.8777674924747
2020-10-04,NEW YORK GIANTS,1438.5041251028765
2020-10-04,TAMPA BAY BUCCANEERS,1504.0603033793882
2020-10-04,LOS ANGELES CHARGERS,1385.8316287533712
2020-10-04,SAN FRANCISCO 49ERS,1551.9142252268257
2020-10-04,PHILADELPHIA EAGLES,1529.3356602574584
2020-10-04,DALLAS COWBOYS,1464.4634097673204
2020-10-04,CLEVELAND BROWNS,1546.0258083579317
2020-10-04,CINCINNATI BENGALS,1398.289144638786
2020-10-04,JACKSONVILLE JAGUARS,1385.2381925496384
2020-10-04,HOUSTON TEXANS,1452.3417954687377
2020-10-04,MINNESOTA VIKINGS,1520.6444783199663
2020-10-05,GREEN BAY PACKERS,1658.7078196167067
2020-10-05,ATLANTA FALCONS,1476.4346261816509
2020-10-05,KANSAS CITY CHIEFS,1629.0606365728943
2020-10-05,NEW ENGLAND PATRIOTS,1545.7649267185566
2020-10-11,SEATTLE SEAHAWKS,1555.4787941335935
2020-10-11,MINNESOTA VIKINGS,1515.5667917341998
2020-10-11,DALLAS COWBOYS,1474.7738211864714
2020-10-11,NEW YORK GIANTS,1428.1937136837255
2020-10-11,CLEVELAND BROWNS,1565.1608825891865
2020-10-11,INDIANAPOLIS COLTS,1529.649063049986
2020-10-11,SAN FRANCISCO 49ERS,1509.2113589138155
2020-10-11,MIAMI DOLPHINS,1511.9432091890708
2020-10-11,KANSAS CITY CHIEFS,1598.3536849993375
2020-10-11,LAS VEGAS RAIDERS,1511.2710625577977
2020-10-11,HOUSTON TEXANS,1470.120708122998
2020-10-11,JACKSONVILLE JAGUARS,1367.4592798953781
2020-10-11,BALTIMORE RAVENS,1565.980476048831
2020-10-11,CINCINNATI BENGALS,1384.7206731692802
2020-10-11,ATLANTA FALCONS,1451.2853914323296
2020-10-11,CAROLINA PANTHERS,1464.0117180221557
2020-10-11,PITTSBURGH STEELERS,1538.2873776544402
2020-10-11,PHILADELPHIA EAGLES,1509.6223117150528
2020-10-12,NEW ORLEANS SAINTS,1553.2700525582864
2020-10-12,LOS ANGELES CHARGERS,1380.202478314036
2020-10-18,INDIANAPOLIS COLTS,1536.7404891239219
2020-10-18,CINCINNATI BENGALS,1377.6292470953442
2020-10-18,NEW ENGLAND PATRIOTS,1522.5992617808106
2020-10-18,DENVER BRONCOS,1540.4975672292926
2020-10-18,MINNESOTA VIKINGS,1479.089930003426
2020-10-18,ATLANTA FALCONS,1487.7622531631034
2020-10-18,CAROLINA PANTHERS,1442.3454190272462
2020-10-18,CHICAGO BEARS,1523.2237713004224
2020-10-18,NEW YORK GIANTS,1434.5176821054563
2020-10-18,WASHINGTON FOOTBALL TEAM,1450.208304372009
2020-10-18,TENNESSEE TITANS,1528.1612663768535
2020-10-18,HOUSTON TEXANS,1456.700781038286
2020-10-18,MIAMI DOLPHINS,1529.015521949277
2020-10-18,NEW YORK JETS,1389.6619813041855
2020-10-18,PITTSBURGH STEELERS,1569.7430252810318
2020-10-18,CLEVELAND BROWNS,1533.705234962595
2020-10-19,DALLAS COWBOYS,1438.8944832137315
2020-10-19,ARIZONA CARDINALS,1538.213618657072
2020-10-22,PHILADELPHIA EAGLES,1513.8245221365326
2020-10-22,NEW YORK GIANTS,1430.3154716839765
2020-10-25,ATLANTA FALCONS,1479.3676480341258
2020-10-25,DETROIT LIONS,1457.771528269119
2020-10-25,NEW ORLEANS SAINTS,1560.433491277012
2020-10-25,CAROLINA PANTHERS,1435.1819803085205
2020-10-25,TENNESSEE TITANS,1513.8504751797027
2020-10-25,PITTSBURGH STEELERS,1584.0538164781826
2020-10-25,LOS ANGELES CHARGERS,1398.9859742068427
2020-10-25,JACKSONVILLE JAGUARS,1348.6757840025714
2020-10-25,NEW ENGLAND PATRIOTS,1484.0014753986065
2020-10-25,SAN FRANCISCO 49ERS,1547.8091452960196
2020-10-26,LOS ANGELES RAMS,1591.169075747241
2020-10-26,CHICAGO BEARS,1504.932463045656
2020-10-29,CAROLINA PANTHERS,1412.636866776123
2020-10-29,ATLANTA FALCONS,1501.9127615665232
2020-11-01,PHILADELPHIA EAGLES,1530.2545342933388
2020-11-01,DALLAS COWBOYS,1422.4644710569253
2020-11-01,SEATTLE SEAHAWKS,1574.6331491002186
2020-11-01,SAN FRANCISCO 49ERS,1528.6547903293945
2020-11-01,KANSAS CITY CHIEFS,1608.935017452473
2020-11-01,NEW YORK JETS,1379.08064885105
2020-11-01,CLEVELAND BROWNS,1505.4628321619384
2020-11-01,LAS VEGAS RAIDERS,1539.5134653584541
2020-11-01,BUFFALO BILLS,1587.4075013909264
2020-11-01,NEW ENGLAND PATRIOTS,1476.3276899586137
2020-11-01,BALTIMORE RAVENS,1548.475756458517
2020-11-01,PITTSBURGH STEELERS,1601.5585360684966
2020-11-01,GREEN BAY PACKERS,1630.7767913464243
2020-11-01,MINNESOTA VIKINGS,1507.0209582737084
2020-11-08,TAMPA BAY BUCCANEERS,1468.3890117323776
2020-11-08,NEW ORLEANS SAINTS,1596.1047829240226
2020-11-08,ARIZONA CARDINALS,1522.2827598171637
2020-11-08,MIAMI DOLPHINS,1544.9463807891852
2020-11-08,WASHINGTON FOOTBALL TEAM,1433.9557909019488
2020-11-08,NEW YORK GIANTS,1446.5679851540367
2020-11-08,TENNESSEE TITANS,1530.3816175958043
2020-11-08,CHICAGO BEARS,1488.4013206295544
2020-11-08,KANSAS CITY CHIEFS,1612.6921619170157
2020-11-08,CAROLINA PANTHERS,1408.8797223115803
2020-11-08,MINNESOTA VIKINGS,1525.343019665606
2020-11-08,DETROIT LIONS,1439.4494668772213
2020-11-08,INDIANAPOLIS COLTS,1506.8920786888605
2020-11-08,BALTIMORE RAVENS,1578.3241668935784
2020-11-08,ATLANTA FALCONS,1521.578702821209
2020-11-08,DENVER BRONCOS,1520.8316259746068
2020-11-15,MIAMI DOLPHINS,1554.5799163122103
2020-11-15,LOS ANGELES CHARGERS,1389.3524386838176
2020-11-15,NEW ORLEANS SAINTS,1613.0730882919008
2020-11-15,SAN FRANCISCO 49ERS,1511.6864849615163
2020-11-15,LOS ANGELES RAMS,1607.2195752503355
2020-11-15,SEATTLE SEAHAWKS,1558.5826495971241
2020-11-15,LAS VEGAS RAIDERS,1564.4514155979411
2020-11-15,DENVER BRONCOS,1495.8936757351198
2020-11-15,PITTSBURGH STEELERS,1611.3393473386723
2020-11-15,CINCINNATI BENGALS,1367.8484358251685
2020-11-15,GREEN BAY PACKERS,1634.2822980099843
2020-11-15,JACKSONVILLE JAGUARS,1345.1702773390114
2020-11-15,DETROIT LIONS,1450.6157263138984
2020-11-15,WASHINGTON FOOTBALL TEAM,1422.7895314652717
2020-11-15,CLEVELAND BROWNS,1514.8611750460534
2020-11-15,HOUSTON TEXANS,1447.302438154171
2020-11-15,ARIZONA CARDINALS,1533.5371481051916
2020-11-15,BUFFALO BILLS,1576.1531131028985
2020-11-19,SEATTLE SEAHAWKS,1574.1045011373938
2020-11-19,ARIZONA CARDINALS,1518.015296564922
2020-11-22,MINNESOTA VIKINGS,1506.904356192607
2020-11-22,DALLAS COWBOYS,1440.9031345299243
2020-11-22,LOS ANGELES CHARGERS,1404.741638917544
2020-11-22,NEW YORK JETS,1363.6914486173237
2020-11-22,WASHINGTON FOOTBALL TEAM,1439.207356649507
2020-11-22,CINCINNATI BENGALS,1351.4306106409333
2020-11-22,INDIANAPOLIS COLTS,1523.07003287327
2020-11-22,GREEN BAY PACKERS,1618.1043438255747
2020-11-22,CLEVELAND BROWNS,1530.4641183967392
2020-11-22,PHILADELPHIA EAGLES,1514.651590942653
2020-11-22,NEW ORLEANS SAINTS,1628.7138430412676
2020-11-22,ATLANTA FALCONS,1505.9379480718421
2020-11-22,BALTIMORE RAVENS,1554.3827460471948
2020-11-22,TENNESSEE TITANS,1554.3230384421877
2020-11-23,TAMPA BAY BUCCANEERS,1458.1959419157968
2020-11-23,LOS ANGELES RAMS,1617.4126450669164
2020-11-26,DALLAS COWBOYS,1404.0031290645575
2020-11-26,WASHINGTON FOOTBALL TEAM,1476.1073621148737
2020-11-29,GREEN BAY PACKERS,1631.5230047935756
2020-11-29,CHICAGO BEARS,1474.9826596615535
2020-11-29,LOS ANGELES RAMS,1598.9098126498523
2020-11-29,SAN FRANCISCO 49ERS,1530.1893173785804
2020-11-29,INDIANAPOLIS COLTS,1491.4100697550994
2020-11-29,TENNESSEE TITANS,1585.9830015603584
2020-11-29,BUFFALO BILLS,1585.4412874210668
2020-11-29,LOS ANGELES CHARGERS,1395.4534645993756
2020-11-29,MINNESOTA VIKINGS,1510.7019836750762
2020-11-29,CAROLINA PANTHERS,1405.0820948291112
2020-12-02,PITTSBURGH STEELERS,1623.0777458796433
2020-12-02,BALTIMORE RAVENS,1542.6443475062238
2020-12-06,CHICAGO BEARS,1455.9606193448242
2020-12-06,DETROIT LIONS,1469.6377666306278
2020-12-06,MIAMI DOLPHINS,1563.0514860434953
2020-12-06,CINCINNATI BENGALS,1342.9590409096484
2020-12-06,MINNESOTA VIKINGS,1516.229458428718
2020-12-06,JACKSONVILLE JAGUARS,1339.6428025853695
2020-12-06,TENNESSEE TITANS,1561.7519122638705
2020-12-06,CLEVELAND BROWNS,1554.695207693227
2020-12-06,SEATTLE SEAHAWKS,1549.5876247475255
2020-12-06,NEW YORK GIANTS,1471.084861543905
2020-12-06,GREEN BAY PACKERS,1645.1388824117469
2020-12-06,PHILADELPHIA EAGLES,1501.0357133244818
2020-12-06,LOS ANGELES CHARGERS,1360.425027131327
2020-12-06,NEW ENGLAND PATRIOTS,1511.3561274266624
2020-12-06,KANSAS CITY CHIEFS,1622.4793506098197
2020-12-06,DENVER BRONCOS,1486.1064870423158
2020-12-07,SAN FRANCISCO 49ERS,1506.2304989048905
2020-12-07,BUFFALO BILLS,1609.4001058947567
2020-12-07,PITTSBURGH STEELERS,1595.9224117427152
2020-12-07,WASHINGTON FOOTBALL TEAM,1503.2626962518018
2020-12-08,BALTIMORE RAVENS,1555.7675701676787
2020-12-08,DALLAS COWBOYS,1390.8799064031025
2020-12-10,LOS ANGELES RAMS,1616.6546303818282
2020-12-10,NEW ENGLAND PATRIOTS,1493.6113096946865
2020-12-13,CAROLINA PANTHERS,1388.697912133521
2020-12-13,DENVER BRONCOS,1502.490669737906
2020-12-13,TAMPA BAY BUCCANEERS,1484.0337526814376
2020-12-13,MINNESOTA VIKINGS,1490.3916476630773
2020-12-13,SEATTLE SEAHAWKS,1562.6976125831459
2020-12-13,NEW YORK JETS,1350.5814607817033
2020-12-13,LOS ANGELES CHARGERS,1377.1325739722347
2020-12-13,ATLANTA FALCONS,1489.2304012309344
2020-12-13,SAN FRANCISCO 49ERS,1481.283275781258
2020-12-13,WASHINGTON FOOTBALL TEAM,1528.2099193754343
2020-12-13,BUFFALO BILLS,1628.809850277833
2020-12-13,PITTSBURGH STEELERS,1576.512667359639
2020-12-17,LAS VEGAS RAIDERS,1544.437105949519
2020-12-17,LOS ANGELES CHARGERS,1397.1468836206568
2020-12-19,GREEN BAY PACKERS,1650.6332708487164
2020-12-19,CAROLINA PANTHERS,1383.2035236965514
2020-12-20,LOS ANGELES RAMS,1595.7522034527292
2020-12-20,NEW YORK JETS,1371.4838877108023
2020-12-20,ARIZONA CARDINALS,1534.0380160805964
2020-12-20,PHILADELPHIA EAGLES,1485.0129938088073
2020-12-20,TENNESSEE TITANS,1579.1410751736707
2020-12-20,DETROIT LIONS,1452.2486037208275
2020-12-20,BALTIMORE RAVENS,1565.951885507193
2020-12-20,JACKSONVILLE JAGUARS,1329.4584872458552
2020-12-20,INDIANAPOLIS COLTS,1505.7811952746897
2020-12-20,HOUSTON TEXANS,1432.9313126345808
2020-12-20,MINNESOTA VIKINGS,1466.9830490813981
2020-12-20,CHICAGO BEARS,1479.3692179265033
2020-12-25,NEW ORLEANS SAINTS,1640.882900196512
2020-12-25,MINNESOTA VIKINGS,1454.8139919261537
2020-12-26,ARIZONA CARDINALS,1506.7959343653263
2020-12-26,SAN FRANCISCO 49ERS,1508.5253574965282
2020-12-27,SEATTLE SEAHAWKS,1585.7492531477142
2020-12-27,LOS ANGELES RAMS,1572.700562888161
2020-12-27,GREEN BAY PACKERS,1670.9289217823853
2020-12-27,TENNESSEE TITANS,1558.8454242400019
2020-12-27,LOS ANGELES CHARGERS,1412.6498774068189
2020-12-27,DENVER BRONCOS,1486.987675951744
2020-12-27,BALTIMORE RAVENS,1581.0003785611407
2020-12-27,NEW YORK GIANTS,1456.0363684899573
2020-12-27,HOUSTON TEXANS,1407.4709545889789
2020-12-27,CINCINNATI BENGALS,1368.4193989552502
2020-12-27,KANSAS CITY CHIEFS,1628.9363919584118
2020-12-27,ATLANTA FALCONS,1482.7733598823422
2021-01-03,CLEVELAND BROWNS,1564.4875595376097
2021-01-03,PITTSBURGH STEELERS,1566.7203155152563
2021-01-03,NEW ENGLAND PATRIOTS,1506.8995241109837
2021-01-03,NEW YORK JETS,1358.195673294505
2021-01-03,TAMPA BAY BUCCANEERS,1507.6925393341676
2021-01-03,ATLANTA FALCONS,1459.1145732296122
2021-01-03,INDIANAPOLIS COLTS,1516.0187039701802
2021-01-03,JACKSONVILLE JAGUARS,1319.2209785503646
2021-01-03,LOS ANGELES RAMS,1588.373946637633
2021-01-03,ARIZONA CARDINALS,1491.1225506158542
2021-01-09,BUFFALO BILLS (2),1511.4015136666967
2021-01-09,INDIANAPOLIS COLTS (7),1488.5984863333033
2021-01-09,SEATTLE SEAHAWKS (3),1472.9331779946017
2021-01-09,LOS ANGELES RAMS (6),1527.0668220053983
2021-01-10,NEW ORLEANS SAINTS (2),1521.0953070095863
2021-01-10,CHICAGO BEARS (7),1478.9046929904137
2021-01-10,PITTSBURGH STEELERS (3),1471.951016062786
2021-01-10,CLEVELAND BROWNS (6),1528.048983937214
2021-01-16,BUFFALO BILLS (2),1532.724933246457
2021-01-16,BALTIMORE RAVENS (5),1478.6765804202396
2021-01-16,GREEN BAY PACKERS (1),1524.595670024261
2021-01-16,LOS ANGELES RAMS (6),1502.4711519811374
2021-01-17,KANSAS CITY CHIEFS (1),1516.330430091208
2021-01-17,CLEVELAND BROWNS (6),1511.718553846006
2021-01-17,NEW ORLEANS SAINTS (2),1492.9213841898681
2021-01-17,TAMPA BAY BUCCANEERS (5),1528.1739228197182
2021-01-24,GREEN BAY PACKERS (1),1504.514761799696
2021-01-24,TAMPA BAY BUCCANEERS (5),1548.254831044283
2021-01-24,KANSAS CITY CHIEFS (1),1539.9988578314899
2021-01-24,BUFFALO BILLS (2),1509.0565055061752
2021-09-09,TAMPA BAY BUCCANEERS,1512.074676589832
2021-09-09,DALLAS COWBOYS,1411.8546577131203
2021-09-12,NEW ORLEANS SAINTS,1637.6859468695136
2021-09-12,GREEN BAY PACKERS,1596.1729196146593
2021-09-12,LOS ANGELES RAMS,1584.2104203583456
2021-09-12,CHICAGO BEARS,1466.5969530647567
2021-09-12,NEW ENGLAND PATRIOTS,1498.0280674669168
2021-09-12,MIAMI DOLPHINS,1554.4351901489424
2021-09-12,WASHINGTON FOOTBALL TEAM,1500.191588984879
2021-09-12,LOS ANGELES CHARGERS,1455.4532586018108
2021-09-12,KANSAS CITY CHIEFS,1607.6326927537236
2021-09-12,CLEVELAND BROWNS,1537.4352708682925
2021-09-12,CAROLINA PANTHERS,1426.11305332545
2021-09-12,NEW YORK JETS,1379.9363444178423
2021-09-12,BUFFALO BILLS,1571.0800258417744
2021-09-12,PITTSBURGH STEELERS,1575.5675985030425
2021-09-12,ATLANTA FALCONS,1433.5924926457121
2021-09-12,PHILADELPHIA EAGLES,1524.5031826331026
2021-09-12,TENNESSEE TITANS,1503.8644876748865
2021-09-12,ARIZONA CARDINALS,1533.6114934670054
2021-09-16,WASHINGTON FOOTBALL TEAM,1505.2002353488333
2021-09-16,NEW YORK GIANTS,1462.0186300035136
2021-09-19,LOS ANGELES CHARGERS,1438.5174949101083
2021-09-19,DALLAS COWBOYS,1428.7904214048228
2021-09-19,TAMPA BAY BUCCANEERS,1531.0606865473044
2021-09-19,ATLANTA FALCONS,1414.6064826882398
2021-09-19,ARIZONA CARDINALS,1537.9537185910415
2021-09-19,MINNESOTA VIKINGS,1461.7682688205791
2021-09-19,SEATTLE SEAHAWKS,1546.9177066600791
2021-09-19,TENNESSEE TITANS,1521.2587208755929
2021-09-19,CLEVELAND BROWNS,1550.059723150567
2021-09-19,HOUSTON TEXANS,1417.9787636594597
2021-09-19,CHICAGO BEARS,1475.3641749048338
2021-09-19,CINCINNATI BENGALS,1392.5473273763605
2021-09-19,PITTSBURGH STEELERS,1547.5010046042655
2021-09-19,LAS VEGAS RAIDERS,1561.3944233609163
2021-09-20,GREEN BAY PACKERS,1609.9693395443999
2021-09-20,DETROIT LIONS,1450.3900328608802
2021-09-26,NEW YORK GIANTS,1444.977042350318
2021-09-26,ATLANTA FALCONS,1431.6480703414354
2021-09-26,BUFFALO BILLS,1590.8590461041044
2021-09-26,WASHINGTON FOOTBALL TEAM,1485.4212150865033
2021-09-26,CLEVELAND BROWNS,1568.5499341283385
2021-09-26,CHICAGO BEARS,1456.8739639270623
2021-09-26,KANSAS CITY CHIEFS,1579.9358554299793
2021-09-26,LOS ANGELES CHARGERS,1466.2143322338527
2021-09-26,NEW ENGLAND PATRIOTS,1477.7092886299804
2021-09-26,NEW ORLEANS SAINTS,1658.00472570645
2021-09-26,SAN FRANCISCO 49ERS,1497.1383090505449
2021-09-26,GREEN BAY PACKERS,1619.2250486162511
2021-09-26,PITTSBURGH STEELERS,1509.4278103562601
2021-09-26,CINCINNATI BENGALS,1430.620521624366
2021-09-26,DENVER BRONCOS,1507.3198512673712
2021-09-26,NEW YORK JETS,1362.8572501142792
2021-09-26,LAS VEGAS RAIDERS,1572.4983033409978
2021-09-26,MIAMI DOLPHINS,1543.331310168861
2021-09-26,TENNESSEE TITANS,1539.5408323040642
2021-09-26,INDIANAPOLIS COLTS,1493.7319165491638
2021-09-27,DALLAS COWBOYS,1462.1692970090626
2021-09-27,PHILADELPHIA EAGLES,1491.1243070288629
2021-09-30,CINCINNATI BENGALS,1439.3532730953725
2021-09-30,JACKSONVILLE JAGUARS,1355.6829824417669
2021-10-03,MIAMI DOLPHINS,1513.7501467699155
2021-10-03,INDIANAPOLIS COLTS,1523.3130799481091
2021-10-03,BUFFALO BILLS,1605.1393984833885
2021-10-03,HOUSTON TEXANS,1403.6984112801756
2021-10-03,CHICAGO BEARS,1476.115483122643
2021-10-03,DETROIT LIONS,1431.1485136652996
2021-10-03,DALLAS COWBOYS,1477.861853027154
2021-10-03,CAROLINA PANTHERS,1410.4204973073586
2021-10-03,NEW ORLEANS SAINTS,1629.4227763342194
2021-10-03,NEW YORK GIANTS,1473.5589917225486
2021-10-03,SAN FRANCISCO 49ERS,1476.0814261559194
2021-10-03,SEATTLE SEAHAWKS,1567.9745895547046
2021-10-03,GREEN BAY PACKERS,1631.6798506422408
2021-10-03,PITTSBURGH STEELERS,1496.9730083302704
2021-10-03,LOS ANGELES RAMS,1548.7459395714498
2021-10-03,ARIZONA CARDINALS,1573.4181993779373
2021-10-04,LOS ANGELES CHARGERS,1496.5560373055032
2021-10-04,LAS VEGAS RAIDERS,1542.1565982693473
2021-10-10,MINNESOTA VIKINGS,1469.7884204351267
2021-10-10,DETROIT LIONS,1423.128362050752
2021-10-10,LAS VEGAS RAIDERS,1510.7144440512302
2021-10-10,CHICAGO BEARS,1507.55763734076
2021-10-10,CAROLINA PANTHERS,1397.7295633347126
2021-10-10,PHILADELPHIA EAGLES,1503.8152410015089
2021-10-10,TAMPA BAY BUCCANEERS,1556.9731762528515
2021-10-10,MIAMI DOLPHINS,1487.8376570643684
2021-10-10,NEW YORK JETS,1343.0121975771833
2021-10-10,ATLANTA FALCONS,1451.4931228785313
2021-10-10,LOS ANGELES CHARGERS,1515.2052697626832
2021-10-10,CLEVELAND BROWNS,1549.9007016711585
2021-10-10,DALLAS COWBOYS,1503.9070683482007
2021-10-10,NEW YORK GIANTS,1447.513776401502
2021-10-10,KANSAS CITY CHIEFS,1548.399577617968
2021-10-10,BUFFALO BILLS,1636.6756762953999
2021-10-10,ARIZONA CARDINALS,1584.8463429675767
2021-10-10,SAN FRANCISCO 49ERS,1464.65328256628
2021-10-11,BALTIMORE RAVENS,1574.5703016090042
2021-10-11,INDIANAPOLIS COLTS,1509.4930622599604
2021-10-17,PITTSBURGH STEELERS,1511.3692657214467
2021-10-17,SEATTLE SEAHAWKS,1553.5783321635283
2021-10-17,JACKSONVILLE JAGUARS,1372.0024988609812
2021-10-17,MIAMI DOLPHINS,1471.518140645154
2021-10-17,BALTIMORE RAVENS,1596.4076759677434
2021-10-17,LOS ANGELES CHARGERS,1493.367895403944
2021-10-17,INDIANAPOLIS COLTS,1527.305091847056
2021-10-17,HOUSTON TEXANS,1385.88638169308
2021-10-17,CLEVELAND BROWNS,1516.5914253979886
2021-10-17,ARIZONA CARDINALS,1618.1556192407465
2021-10-17,DENVER BRONCOS,1480.435831135556
2021-10-17,LAS VEGAS RAIDERS,1537.5984641830453
2021-10-21,CLEVELAND BROWNS,1526.488340313805
2021-10-21,DENVER BRONCOS,1470.5389162197396
2021-10-24,GREEN BAY PACKERS,1643.536083227585
2021-10-24,WASHINGTON FOOTBALL TEAM,1473.564982501159
2021-10-24,LAS VEGAS RAIDERS,1555.5095139308842
2021-10-24,PHILADELPHIA EAGLES,1485.90419125367
2021-10-24,BALTIMORE RAVENS,1551.0667411804604
2021-10-24,CINCINNATI BENGALS,1484.6942078826555
2021-10-24,NEW ENGLAND PATRIOTS,1494.999800299244
2021-10-24,NEW YORK JETS,1325.7216859079197
2021-10-24,ARIZONA CARDINALS,1627.520092909292
2021-10-24,HOUSTON TEXANS,1376.5219080245345
2021-10-24,LOS ANGELES RAMS,1559.8622104286935
2021-10-24,DETROIT LIONS,1412.0120911935082
2021-10-24,SAN FRANCISCO 49ERS,1439.6555383827917
2021-10-24,INDIANAPOLIS COLTS,1552.3028360305443
2021-10-24,TAMPA BAY BUCCANEERS,1581.2017495793636
2021-10-24,CHICAGO BEARS,1483.329064014248
2021-10-28,ARIZONA CARDINALS,1612.376497448446
2021-10-28,GREEN BAY PACKERS,1658.6796786884313
2021-10-31,SEATTLE SEAHAWKS,1565.4328094922707
2021-10-31,JACKSONVILLE JAGUARS,1360.1480215322388
2021-10-31,MINNESOTA VIKINGS,1452.8883179170487
2021-10-31,DALLAS COWBOYS,1520.8071708662787
2021-10-31,DENVER BRONCOS,1487.8369723033861
2021-10-31,WASHINGTON FOOTBALL TEAM,1456.2669264175124
2021-10-31,LOS ANGELES CHARGERS,1477.7704810519149
2021-10-31,NEW ENGLAND PATRIOTS,1510.5972146512731
2021-10-31,ATLANTA FALCONS,1427.3285481738956
2021-10-31,CAROLINA PANTHERS,1421.8941380393483
2021-10-31,CLEVELAND BROWNS,1505.6665823280255
2021-10-31,PITTSBURGH STEELERS,1532.1910237072263
2021-10-31,BUFFALO BILLS,1647.7509374275978
2021-10-31,MIAMI DOLPHINS,1460.442879512956
2021-10-31,INDIANAPOLIS COLTS,1536.2639188821922
2021-10-31,TENNESSEE TITANS,1555.5797494524163
2021-11-01,KANSAS CITY CHIEFS,1555.8975748438584
2021-11-01,NEW YORK GIANTS,1440.0157791756114
2021-11-04,INDIANAPOLIS COLTS,1545.0812211368313
2021-11-04,NEW YORK JETS,1316.9043836532805
2021-11-07,MIAMI DOLPHINS,1473.2603076226976
2021-11-07,HOUSTON TEXANS,1363.704479914793
2021-11-07,BALTIMORE RAVENS,1558.656747084531
2021-11-07,MINNESOTA VIKINGS,1445.2983120129782
2021-11-07,CINCINNATI BENGALS,1449.4771524824107
2021-11-07,CLEVELAND BROWNS,1540.8836377282703
2021-11-07,DALLAS COWBOYS,1488.3121497900097
2021-11-07,DENVER BRONCOS,1520.3319933796552
2021-11-07,KANSAS CITY CHIEFS,1577.54591769668
2021-11-07,GREEN BAY PACKERS,1637.0313358356098
2021-11-07,LOS ANGELES RAMS,1530.6649295214922
2021-11-07,TENNESSEE TITANS,1584.7770303596176
2021-11-07,NEW ORLEANS SAINTS,1613.3976542354171
2021-11-07,ATLANTA FALCONS,1443.3536702726979
2021-11-07,SAN FRANCISCO 49ERS,1422.3414172943862
2021-11-07,ARIZONA CARDINALS,1629.6906185368514
2021-11-08,PITTSBURGH STEELERS,1539.6359485658013
2021-11-08,CHICAGO BEARS,1475.884139155673
2021-11-14,ARIZONA CARDINALS,1582.564378303008
2021-11-14,CAROLINA PANTHERS,1469.0203782731917
2021-11-14,DENVER BRONCOS,1485.5620541931503
2021-11-14,PHILADELPHIA EAGLES,1520.6741304401748
2021-11-14,LOS ANGELES CHARGERS,1452.8398794969046
2021-11-14,MINNESOTA VIKINGS,1470.2289135679885
2021-11-14,TENNESSEE TITANS,1594.8103152580181
2021-11-14,NEW ORLEANS SAINTS,1603.3643693370166
2021-11-14,NEW ENGLAND PATRIOTS,1544.253202250076
2021-11-14,CLEVELAND BROWNS,1507.2276501294675
2021-11-14,INDIANAPOLIS COLTS,1552.1282848540507
2021-11-14,JACKSONVILLE JAGUARS,1353.1009578150195
2021-11-14,DALLAS COWBOYS,1513.8871150984373
2021-11-14,ATLANTA FALCONS,1417.7787049642702
2021-11-14,GREEN BAY PACKERS,1654.8219869466398
2021-11-14,SEATTLE SEAHAWKS,1547.6421583812407
2021-11-21,BUFFALO BILLS,1604.310948098869
2021-11-21,INDIANAPOLIS COLTS,1595.5682741827795
2021-11-21,PHILADELPHIA EAGLES,1547.166018563247
2021-11-21,NEW ORLEANS SAINTS,1576.8724812139444
2021-11-21,CAROLINA PANTHERS,1446.5072742998323
2021-11-21,WASHINGTON FOOTBALL TEAM,1478.7800303908718
2021-11-21,TENNESSEE TITANS,1560.6406151442814
2021-11-21,HOUSTON TEXANS,1397.8741800285297
2021-11-21,LOS ANGELES CHARGERS,1470.152840661447
2021-11-21,PITTSBURGH STEELERS,1522.3229874012588
2021-11-21,CLEVELAND BROWNS,1514.9192098914398
2021-11-21,DETROIT LIONS,1404.320531431536
2021-11-21,SEATTLE SEAHAWKS,1522.5084156638702
2021-11-21,ARIZONA CARDINALS,1607.6981210203785
2021-11-21,KANSAS CITY CHIEFS,1592.816016954422
2021-11-21,DALLAS COWBOYS,1498.6170158406953
2021-11-22,TAMPA BAY BUCCANEERS,1594.8584364257752
2021-11-22,NEW YORK GIANTS,1426.3590923292
2021-11-25,DALLAS COWBOYS,1484.8414337126192
2021-11-25,LAS VEGAS RAIDERS,1569.2850960589603
2021-11-28,CINCINNATI BENGALS,1485.6199226620492
2021-11-28,PITTSBURGH STEELERS,1486.1802172216203
2021-11-28,HOUSTON TEXANS,1370.9945898778044
2021-11-28,NEW YORK JETS,1343.7839738040059
2021-11-28,NEW ENGLAND PATRIOTS,1572.0287561424789
2021-11-28,TENNESSEE TITANS,1532.8650612518786
2021-11-28,SAN FRANCISCO 49ERS,1443.7945654821337
2021-11-28,MINNESOTA VIKINGS,1448.775765380241
2021-11-28,BALTIMORE RAVENS,1572.1255082962107
2021-11-28,CLEVELAND BROWNS,1501.45044867976
2021-12-05,MIAMI DOLPHINS,1490.236954408692
2021-12-05,NEW YORK GIANTS,1409.3824455432054
2021-12-05,KANSAS CITY CHIEFS,1606.6834678871473
2021-12-05,DENVER BRONCOS,1471.6946032604249
2021-12-05,CINCINNATI BENGALS,1450.7844031181053
2021-12-05,LOS ANGELES CHARGERS,1504.988360205391
2021-12-05,LOS ANGELES RAMS,1543.5669529531242
2021-12-05,JACKSONVILLE JAGUARS,1340.1989343833875
2021-12-05,LAS VEGAS RAIDERS,1554.9007455093008
2021-12-05,WASHINGTON FOOTBALL TEAM,1493.1643809405314
2021-12-06,BUFFALO BILLS,1585.0216083575249
2021-12-06,NEW ENGLAND PATRIOTS,1591.318095883823
2021-12-09,MINNESOTA VIKINGS,1469.4706803796673
2021-12-09,PITTSBURGH STEELERS,1465.485302222194
2021-12-12,TENNESSEE TITANS,1543.4700921856704
2021-12-12,JACKSONVILLE JAGUARS,1329.5939034495957
2021-12-12,CLEVELAND BROWNS,1512.8506635441388
2021-12-12,BALTIMORE RAVENS,1560.725293431832
2021-12-12,KANSAS CITY CHIEFS,1631.379949680019
2021-12-12,LAS VEGAS RAIDERS,1530.204263716429
2021-12-12,CAROLINA PANTHERS,1420.336145003278
2021-12-12,ATLANTA FALCONS,1443.9498342608244
2021-12-12,LOS ANGELES CHARGERS,1520.680392963333
2021-12-12,NEW YORK GIANTS,1393.6904127852636
2021-12-12,TAMPA BAY BUCCANEERS,1610.2734453719272
2021-12-12,BUFFALO BILLS,1569.6065994113728
2021-12-12,GREEN BAY PACKERS,1665.1680688400852
2021-12-12,CHICAGO BEARS,1465.5380572622275
2021-12-12,DENVER BRONCOS,1492.8005214047598
2021-12-12,DETROIT LIONS,1383.214613287201
2021-12-13,ARIZONA CARDINALS,1581.461201890705
2021-12-13,LOS ANGELES RAMS,1569.8038720827976
2021-12-18,INDIANAPOLIS COLTS,1614.9744985880322
2021-12-18,NEW ENGLAND PATRIOTS,1571.9118714785702
2021-12-19,BUFFALO BILLS,1582.0791996220928
2021-12-19,CAROLINA PANTHERS,1407.863544792558
2021-12-19,DENVER BRONCOS,1470.9685662830861
2021-12-19,CINCINNATI BENGALS,1472.616358239779
2021-12-19,SAN FRANCISCO 49ERS,1468.0251578926905
2021-12-19,ATLANTA FALCONS,1419.7192418502677
2021-12-19,TAMPA BAY BUCCANEERS,1582.6232190813816
2021-12-19,NEW ORLEANS SAINTS,1604.52270750449
2021-12-19,PITTSBURGH STEELERS,1486.0153658622544
2021-12-19,TENNESSEE TITANS,1522.94002854561
2021-12-19,JACKSONVILLE JAGUARS,1301.62683681258
2021-12-19,HOUSTON TEXANS,1398.96165651482
2021-12-19,MIAMI DOLPHINS,1499.332562592112
2021-12-19,NEW YORK JETS,1334.688365620586
2021-12-20,CLEVELAND BROWNS,1500.8835568917343
2021-12-20,LAS VEGAS RAIDERS,1542.1713703688335
2021-12-21,PHILADELPHIA EAGLES,1563.0714326448187
2021-12-21,WASHINGTON FOOTBALL TEAM,1477.2589668589596
2021-12-21,LOS ANGELES RAMS,1586.1593818226684
2021-12-21,SEATTLE SEAHAWKS,1506.1529059239995
2021-12-25,GREEN BAY PACKERS,1669.5753600141118
2021-12-25,CLEVELAND BROWNS,1496.4762657177077
2021-12-25,ARIZONA CARDINALS,1561.0000469970196
2021-12-25,INDIANAPOLIS COLTS,1635.4356534817177
2021-12-26,KANSAS CITY CHIEFS,1645.8715875266837
2021-12-26,PITTSBURGH STEELERS,1471.5237280155898
2021-12-26,SEATTLE SEAHAWKS,1497.7268310015902
2021-12-26,CHICAGO BEARS,1473.9641321846368
2021-12-26,PHILADELPHIA EAGLES,1575.6651747961664
2021-12-26,NEW YORK GIANTS,1381.096670633916
2021-12-26,DALLAS COWBOYS,1514.8958920752825
2021-12-26,WASHINGTON FOOTBALL TEAM,1447.2045084962963
2021-12-26,NEW ENGLAND PATRIOTS,1543.5488424563127
2021-12-26,BUFFALO BILLS,1610.4422286443503
2021-12-26,CINCINNATI BENGALS,1505.4598366085813
2021-12-26,BALTIMORE RAVENS,1527.8818150630295
2021-12-26,ATLANTA FALCONS,1431.1929564229943
2021-12-26,DETROIT LIONS,1371.7408987144745
2021-12-26,NEW YORK JETS,1347.6408926688862
2021-12-26,JACKSONVILLE JAGUARS,1288.6743097642798
2022-01-02,BUFFALO BILLS,1620.531821441117
2022-01-02,ATLANTA FALCONS,1421.1033636262275
2022-01-02,CHICAGO BEARS,1492.4432426533042
2022-01-02,NEW YORK GIANTS,1362.6175601652485
2022-01-02,DALLAS COWBOYS,1500.735334187928
2022-01-02,ARIZONA CARDINALS,1575.1606048843742
2022-01-02,INDIANAPOLIS COLTS,1617.219249992787
2022-01-02,LAS VEGAS RAIDERS,1560.3877738577644
2022-01-02,NEW ORLEANS SAINTS,1612.023259331669
2022-01-02,CAROLINA PANTHERS,1400.3629929653791
2022-01-02,NEW ENGLAND PATRIOTS,1552.9128707130942
2022-01-02,JACKSONVILLE JAGUARS,1279.3102815074983
2022-01-02,LOS ANGELES CHARGERS,1541.553576770568
2022-01-02,DENVER BRONCOS,1450.095382475851
2022-01-02,SAN FRANCISCO 49ERS,1485.655291402611
2022-01-02,HOUSTON TEXANS,1381.3315230048995
2022-01-02,SEATTLE SEAHAWKS,1512.83812678278
2022-01-02,DETROIT LIONS,1356.6296029332848
2022-01-02,GREEN BAY PACKERS,1680.753048483251
2022-01-02,MINNESOTA VIKINGS,1458.2929919105281
2022-01-02,TENNESSEE TITANS,1548.9576293600617
2022-01-02,MIAMI DOLPHINS,1473.3149617776603
2022-01-03,PITTSBURGH STEELERS,1494.644691619231
2022-01-03,CLEVELAND BROWNS,1473.3553021140665
2022-01-09,BALTIMORE RAVENS,1511.239424117492
2022-01-09,PITTSBURGH STEELERS,1511.2870825647683
2022-01-09,BUFFALO BILLS,1627.1490356980644
2022-01-09,NEW YORK JETS,1341.0236784119388
2022-01-09,ARIZONA CARDINALS,1547.5128736926272
2022-01-09,SEATTLE SEAHAWKS,1540.4858579745269
2022-01-09,CLEVELAND BROWNS,1489.921456878253
2022-01-09,CINCINNATI BENGALS,1488.893681844395
2022-01-09,LOS ANGELES RAMS,1567.7748074167932
2022-01-09,SAN FRANCISCO 49ERS,1504.0398658084862
2022-01-09,TAMPA BAY BUCCANEERS,1594.4372431940005
2022-01-09,CAROLINA PANTHERS,1388.5489688527603
2022-01-09,MINNESOTA VIKINGS,1483.5113318945064
2022-01-09,CHICAGO BEARS,1467.224902669326
2022-01-15,CINCINNATI BENGALS (4),1517.102270500045
2022-01-15,LAS VEGAS RAIDERS (5),1482.897729499955
2022-01-15,BUFFALO BILLS (3),1528.242668470187
2022-01-15,NEW ENGLAND PATRIOTS (6),1471.757331529813
2022-01-16,TAMPA BAY BUCCANEERS (2),1523.3016317233153
2022-01-16,PHILADELPHIA EAGLES (7),1476.6983682766847
2022-01-16,DALLAS COWBOYS (3),1478.0350692374016
2022-01-16,SAN FRANCISCO 49ERS (6),1521.9649307625984
2022-01-16,KANSAS CITY CHIEFS (2),1577.796078079587
2022-01-16,PITTSBURGH STEELERS (7),1479.8043915247627
2022-01-17,LOS ANGELES RAMS (4),1526.137756306632
2022-01-17,ARIZONA CARDINALS (5),1473.862243693368
2022-01-22,GREEN BAY PACKERS (1),1488.3245410715663
2022-01-22,SAN FRANCISCO 49ERS (6),1537.0264610408042
2022-01-22,TENNESSEE TITANS (1),1484.8911457983104
2022-01-22,CINCINNATI BENGALS (4),1532.2111247017347
2022-01-23,TAMPA BAY BUCCANEERS (2),1507.7417476840635
2022-01-23,LOS ANGELES RAMS (4),1541.6976403458837
2022-01-23,KANSAS CITY CHIEFS (2),1590.945064613494
2022-01-23,BUFFALO BILLS (3),1515.09368193628
2022-01-30,LOS ANGELES RAMS (4),1552.8989789941938
2022-01-30,SAN FRANCISCO 49ERS (6),1525.825122392494
2022-01-30,KANSAS CITY CHIEFS (1),1514.419796501701
2022-01-30,CINCINNATI BENGALS (4),1547.790471573651
2022-02-13,CINCINNATI BENGALS (4),1532.301645739043
2022-02-13,LOS ANGELES RAMS (4),1568.387804828802
2022-09-11,MINNESOTA VIKINGS,1521.9198414951295
2022-09-11,GREEN BAY PACKERS,1601.2784437881885
2022-09-11,TENNESSEE TITANS,1527.113177460529
2022-09-11,NEW YORK GIANTS,1406.5682146834536
2022-09-11,LOS ANGELES CHARGERS,1546.6959678183405
2022-09-11,LAS VEGAS RAIDERS,1529.7600451529088
2022-09-11,CINCINNATI BENGALS,1476.5515753611312
2022-09-11,PITTSBURGH STEELERS,1523.5839979457414
2022-09-11,MIAMI DOLPHINS,1506.676655730241
2022-09-11,NEW ENGLAND PATRIOTS,1512.994218637825
2022-09-11,CAROLINA PANTHERS,1406.1874856456936
2022-09-11,CLEVELAND BROWNS,1502.6653336525662
2022-09-11,WASHINGTON COMMANDERS,1507.7593406436683
2022-09-11,JACKSONVILLE JAGUARS,1326.7233704869554
2022-09-15,KANSAS CITY CHIEFS,1618.2675656341921
2022-09-15,LOS ANGELES CHARGERS,1537.8320928291612
2022-09-18,GREEN BAY PACKERS,1615.2166072664231
2022-09-18,CHICAGO BEARS,1461.4805135237598
2022-09-18,LAS VEGAS RAIDERS,1508.052453547477
2022-09-18,ARIZONA CARDINALS,1557.3422468749022
2022-09-18,DENVER BRONCOS,1476.505261561376
2022-09-18,HOUSTON TEXANS,1397.064917549187
2022-09-18,SAN FRANCISCO 49ERS,1530.7078934086671
2022-09-18,SEATTLE SEAHAWKS,1502.6863994285927
2022-09-18,DETROIT LIONS,1418.7342190043476
2022-09-18,WASHINGTON COMMANDERS,1481.4973238392845
2022-09-18,NEW YORK GIANTS,1417.9533530345461
2022-09-18,CAROLINA PANTHERS,1394.802347294601
2022-09-18,CLEVELAND BROWNS,1493.2389845116456
2022-09-18,NEW YORK JETS,1390.1941079498747
2022-09-18,BALTIMORE RAVENS,1490.1996140023825
2022-09-18,MIAMI DOLPHINS,1524.9066098159776
2022-09-18,LOS ANGELES RAMS,1559.182731495213
2022-09-18,ATLANTA FALCONS,1432.4758967870528
2022-09-19,BUFFALO BILLS,1617.5630228400755
2022-09-19,TENNESSEE TITANS,1504.9119313940016
2022-09-19,PHILADELPHIA EAGLES,1577.4946809487956
2022-09-19,MINNESOTA VIKINGS,1501.1740416434588
2022-09-22,CLEVELAND BROWNS,1516.8072434160656
2022-09-22,PITTSBURGH STEELERS,1500.0157390413215
2022-09-25,TAMPA BAY BUCCANEERS,1559.560722761315
2022-09-25,GREEN BAY PACKERS,1626.4838169006084
2022-09-25,SEATTLE SEAHAWKS,1482.1967080020997
2022-09-25,ATLANTA FALCONS,1452.9655882135457
2022-09-25,MINNESOTA VIKINGS,1510.6239379342449
2022-09-25,DETROIT LIONS,1409.2843227135616
2022-09-25,CHICAGO BEARS,1470.2802038170182
2022-09-25,HOUSTON TEXANS,1388.2652272559285
2022-09-25,LOS ANGELES CHARGERS,1488.4306773911217
2022-09-25,JACKSONVILLE JAGUARS,1376.124785924995
2022-09-26,NEW YORK GIANTS,1399.044457590461
2022-09-26,DALLAS COWBOYS,1519.460396085031
2022-09-29,CINCINNATI BENGALS,1501.6348006363157
2022-09-29,MIAMI DOLPHINS,1499.823384540793
2022-10-02,NEW ORLEANS SAINTS,1566.287376021484
2022-10-02,MINNESOTA VIKINGS,1528.3540064115125
2022-10-02,NEW YORK GIANTS,1421.8742436264204
2022-10-02,CHICAGO BEARS,1447.4504177810588
2022-10-02,DALLAS COWBOYS,1539.1095105049483
2022-10-02,WASHINGTON COMMANDERS,1461.8482094193673
2022-10-02,DETROIT LIONS,1396.2416575932336
2022-10-02,SEATTLE SEAHAWKS,1495.2393731224277
2022-10-02,INDIANAPOLIS COLTS,1560.9598405132936
2022-10-02,TENNESSEE TITANS,1531.8665283752982
2022-10-02,PHILADELPHIA EAGLES,1584.81783701098
2022-10-02,JACKSONVILLE JAGUARS,1368.8016298628106
2022-10-02,PITTSBURGH STEELERS,1478.429027745784
2022-10-02,NEW YORK JETS,1411.7808192454122
2022-10-02,CAROLINA PANTHERS,1378.7994422096463
2022-10-02,ARIZONA CARDINALS,1573.345151959857
2022-10-02,LAS VEGAS RAIDERS,1524.7994462377255
2022-10-02,DENVER BRONCOS,1459.7582688711275
2022-10-02,TAMPA BAY BUCCANEERS,1535.8774999431319
2022-10-02,KANSAS CITY CHIEFS,1641.9507884523753
2022-10-02,GREEN BAY PACKERS,1633.5634506214062
2022-10-02,NEW ENGLAND PATRIOTS,1505.9145849170272
2022-10-03,SAN FRANCISCO 49ERS,1556.0159983799147
2022-10-03,LOS ANGELES RAMS,1533.8746265239654
2022-10-06,DENVER BRONCOS,1447.9754604539148
2022-10-06,INDIANAPOLIS COLTS,1572.7426489305062
2022-10-09,NEW YORK GIANTS,1445.6709391129477
2022-10-09,GREEN BAY PACKERS,1609.7667551348788
2022-10-09,BUFFALO BILLS,1633.7952876247098
2022-10-09,PITTSBURGH STEELERS,1462.1967629611497
2022-10-09,NEW ENGLAND PATRIOTS,1523.5906374209633
2022-10-09,DETROIT LIONS,1378.5656050892976
2022-10-09,JACKSONVILLE JAGUARS,1346.2519492552237
2022-10-09,HOUSTON TEXANS,1410.8149078635154
2022-10-09,MINNESOTA VIKINGS,1540.646048646357
2022-10-09,CHICAGO BEARS,1435.1583755462143
2022-10-09,TAMPA BAY BUCCANEERS,1547.2793535101948
2022-10-09,ATLANTA FALCONS,1441.5637346464828
2022-10-09,LOS ANGELES RAMS,1505.2242218583278
2022-10-09,DALLAS COWBOYS,1567.7599151705858
2022-10-09,BALTIMORE RAVENS,1499.6286500521715
2022-10-09,CINCINNATI BENGALS,1492.2057645865268
2022-10-09,NEW ORLEANS SAINTS,1579.1170469122003
2022-10-09,SEATTLE SEAHAWKS,1482.4097022317114
2022-10-10,KANSAS CITY CHIEFS,1645.4313785598088
2022-10-10,LAS VEGAS RAIDERS,1521.318856130292
2022-10-16,PHILADELPHIA EAGLES,1602.5545154806
2022-10-16,DALLAS COWBOYS,1550.0232367009658
2022-10-16,LOS ANGELES RAMS,1518.248723426066
2022-10-16,CAROLINA PANTHERS,1365.7749406419082
2022-10-16,INDIANAPOLIS COLTS,1578.8319567245262
2022-10-16,JACKSONVILLE JAGUARS,1340.1626414612037
2022-10-16,GREEN BAY PACKERS,1567.7217538364685
2022-10-16,NEW YORK JETS,1453.8258205438226
2022-10-16,CLEVELAND BROWNS,1481.4199173499464
2022-10-16,NEW ENGLAND PATRIOTS,1558.9779634870824
2022-10-17,LOS ANGELES CHARGERS,1498.1559426697268
2022-10-17,DENVER BRONCOS,1438.2501951753097
2022-10-20,ARIZONA CARDINALS,1591.8116078394958
2022-10-20,NEW ORLEANS SAINTS,1560.6505910325616
2022-10-23,JACKSONVILLE JAGUARS,1323.8863143849323
2022-10-23,NEW YORK GIANTS,1461.9472661892191
2022-10-23,BALTIMORE RAVENS,1510.2592361064494
2022-10-23,CLEVELAND BROWNS,1470.7893312956685
2022-10-23,CINCINNATI BENGALS,1512.012215478929
2022-10-23,ATLANTA FALCONS,1421.7572837540806
2022-10-23,DALLAS COWBOYS,1561.425831602233
2022-10-23,DETROIT LIONS,1367.1630101880303
2022-10-23,MIAMI DOLPHINS,1513.6327694406261
2022-10-23,PITTSBURGH STEELERS,1448.3873780613167
2022-10-23,LAS VEGAS RAIDERS,1536.5630729400907
2022-10-23,HOUSTON TEXANS,1395.5706910537167
2022-10-23,LOS ANGELES CHARGERS,1466.6493378935522
2022-10-23,SEATTLE SEAHAWKS,1513.916307007886
2022-10-23,TENNESSEE TITANS,1554.2781442324688
2022-10-23,INDIANAPOLIS COLTS,1556.4203408673557
2022-10-24,NEW ENGLAND PATRIOTS,1518.1516749697105
2022-10-24,CHICAGO BEARS,1475.9846640635863
2022-10-27,TAMPA BAY BUCCANEERS,1525.6296758660915
2022-10-27,BALTIMORE RAVENS,1531.9089137505528
2022-10-30,PHILADELPHIA EAGLES,1615.768675950342
2022-10-30,PITTSBURGH STEELERS,1435.1732175915747
2022-10-30,DALLAS COWBOYS,1579.0674285211708
2022-10-30,CHICAGO BEARS,1458.3430671446486
2022-10-30,DENVER BRONCOS,1446.4364135575781
2022-10-30,JACKSONVILLE JAGUARS,1315.700096002664
2022-10-30,MINNESOTA VIKINGS,1562.3380020948016
2022-10-30,ARIZONA CARDINALS,1570.1196543910512
2022-10-30,INDIANAPOLIS COLTS,1547.2967688525425
2022-10-30,WASHINGTON COMMANDERS,1470.9717814341805
2022-10-30,SEATTLE SEAHAWKS,1532.032206256768
2022-10-30,NEW YORK GIANTS,1443.8313669403371
2022-10-30,LOS ANGELES RAMS,1488.1483405961037
2022-10-30,SAN FRANCISCO 49ERS,1586.1163812098769
2022-10-30,BUFFALO BILLS,1648.908941606353
2022-10-30,GREEN BAY PACKERS,1552.6080998548252
2022-10-30,ATLANTA FALCONS,1430.8766218087842
2022-10-30,CAROLINA PANTHERS,1356.6556025872046
2022-11-06,CINCINNATI BENGALS,1524.9641567430142
2022-11-06,CAROLINA PANTHERS,1343.7036613231194
2022-11-06,NEW ENGLAND PATRIOTS,1547.2298426228363
2022-11-06,INDIANAPOLIS COLTS,1518.2186011994168
2022-11-06,ARIZONA CARDINALS,1541.0936888775825
2022-11-06,SEATTLE SEAHAWKS,1561.0581717702366
2022-11-06,TAMPA BAY BUCCANEERS,1535.4734899923474
2022-11-06,LOS ANGELES RAMS,1478.3045264698478
2022-11-06,KANSAS CITY CHIEFS,1653.2636363977554
2022-11-06,TENNESSEE TITANS,1546.4458863945222
2022-11-13,KANSAS CITY CHIEFS,1657.1098071908489
2022-11-13,JACKSONVILLE JAGUARS,1311.8539252095704
2022-11-13,BUFFALO BILLS,1630.852336697407
2022-11-13,MINNESOTA VIKINGS,1580.3946070037475
2022-11-13,CHICAGO BEARS,1449.2595236270527
2022-11-13,DETROIT LIONS,1376.2465537056262
2022-11-13,NEW YORK GIANTS,1458.7583797781251
2022-11-13,HOUSTON TEXANS,1380.6436782159287
2022-11-13,SEATTLE SEAHAWKS,1539.8350886293367
2022-11-13,TAMPA BAY BUCCANEERS,1556.6965731332473
2022-11-13,LOS ANGELES RAMS,1454.9457704511733
2022-11-13,ARIZONA CARDINALS,1564.452444896257
2022-11-13,SAN FRANCISCO 49ERS,1595.7834954436448
2022-11-13,LOS ANGELES CHARGERS,1456.9822236597843
2022-11-13,LAS VEGAS RAIDERS,1515.6165583537907
2022-11-13,INDIANAPOLIS COLTS,1539.1651157857168
2022-11-13,TENNESSEE TITANS,1557.7374306974984
2022-11-13,DENVER BRONCOS,1435.1448692546019
2022-11-13,MIAMI DOLPHINS,1535.4151557454695
2022-11-13,CLEVELAND BROWNS,1449.006944990825
2022-11-14,PHILADELPHIA EAGLES,1581.1639691631212
2022-11-14,WASHINGTON COMMANDERS,1505.5764882214012
2022-11-17,GREEN BAY PACKERS,1525.8179617175788
2022-11-17,TENNESSEE TITANS,1584.527568834745
2022-11-20,DENVER BRONCOS,1417.3162509387205
2022-11-20,LAS VEGAS RAIDERS,1533.445176669672
2022-11-20,ATLANTA FALCONS,1443.0807734974214
2022-11-20,CHICAGO BEARS,1437.0553719384154
2022-11-20,BALTIMORE RAVENS,1540.4513925204178
2022-11-20,CAROLINA PANTHERS,1335.1611825532543
2022-11-20,CLEVELAND BROWNS,1435.4971078390986
2022-11-20,BUFFALO BILLS,1644.3621738491336
2022-11-20,NEW ENGLAND PATRIOTS,1558.860983611424
2022-11-20,NEW YORK JETS,1442.1946795552349
2022-11-20,NEW ORLEANS SAINTS,1571.6547334517531
2022-11-20,LOS ANGELES RAMS,1443.9416280319817
2022-11-20,NEW YORK GIANTS,1424.5727206327088
2022-11-20,DETROIT LIONS,1410.4322128510426
2022-11-21,ARIZONA CARDINALS,1528.8718658434866
2022-11-21,SAN FRANCISCO 49ERS,1631.3640744964152
2022-11-24,MINNESOTA VIKINGS,1596.1335509723285
2022-11-24,NEW ENGLAND PATRIOTS,1543.122039642843
2022-11-24,DALLAS COWBOYS,1588.3126832424095
2022-11-24,NEW YORK GIANTS,1415.32746591147
2022-11-27,PHILADELPHIA EAGLES,1594.8795661487225
2022-11-27,GREEN BAY PACKERS,1512.1023647319776
2022-11-27,SAN FRANCISCO 49ERS,1648.4538368013286
2022-11-27,NEW ORLEANS SAINTS,1554.5649711468398
2022-11-27,KANSAS CITY CHIEFS,1665.9990549128208
2022-11-27,LOS ANGELES RAMS,1435.0523803100098
2022-11-27,MIAMI DOLPHINS,1547.0657321632045
2022-11-27,HOUSTON TEXANS,1368.9931017981937
2022-11-27,WASHINGTON COMMANDERS,1518.0297212065389
2022-11-27,ATLANTA FALCONS,1430.6275405122838
2022-11-27,NEW YORK JETS,1467.1259501392633
2022-11-27,CHICAGO BEARS,1412.124101354387
2022-11-27,SEATTLE SEAHAWKS,1517.59365090581
2022-11-27,LAS VEGAS RAIDERS,1555.6866143931989
2022-11-28,INDIANAPOLIS COLTS,1511.4693515410213
2022-11-28,PITTSBURGH STEELERS,1462.8689818362702
2022-12-04,ATLANTA FALCONS,1416.0090352224443
2022-12-04,PITTSBURGH STEELERS,1477.4874871261097
2022-12-04,DALLAS COWBOYS,1609.8743403461767
2022-12-04,INDIANAPOLIS COLTS,1489.9076944372541
2022-12-04,DETROIT LIONS,1428.4446047148315
2022-12-04,JACKSONVILLE JAGUARS,1293.8415333457815
2022-12-04,BALTIMORE RAVENS,1543.8367025947587
2022-12-04,DENVER BRONCOS,1413.9309408643796
2022-12-04,SAN FRANCISCO 49ERS,1663.743011394697
2022-12-04,MIAMI DOLPHINS,1531.776557569836
2022-12-04,MINNESOTA VIKINGS,1604.6474382427127
2022-12-04,NEW YORK JETS,1458.612062868879
2022-12-04,PHILADELPHIA EAGLES,1620.638207435818
2022-12-04,TENNESSEE TITANS,1558.7689275476494
2022-12-04,LAS VEGAS RAIDERS,1567.0447227125335
2022-12-04,LOS ANGELES CHARGERS,1445.6241153404496
2022-12-05,TAMPA BAY BUCCANEERS,1562.3515574165483
2022-12-05,NEW ORLEANS SAINTS,1548.9099868635387
2022-12-11,SEATTLE SEAHAWKS,1489.6023040286486
2022-12-11,CAROLINA PANTHERS,1363.1525294304156
2022-12-11,SAN FRANCISCO 49ERS,1681.914037956826
2022-12-11,TAMPA BAY BUCCANEERS,1544.1805308544194
2022-12-11,TENNESSEE TITANS,1517.955366569513
2022-12-11,JACKSONVILLE JAGUARS,1334.6550943239179
2022-12-11,PITTSBURGH STEELERS,1466.9146481599178
2022-12-11,BALTIMORE RAVENS,1554.4095415609506
2022-12-11,DALLAS COWBOYS,1614.2450069831036
2022-12-11,HOUSTON TEXANS,1364.6224351612668
2022-12-11,CINCINNATI BENGALS,1539.9863658790625
2022-12-11,CLEVELAND BROWNS,1420.4748987030503
2022-12-11,BUFFALO BILLS,1652.2868508039298
2022-12-11,NEW YORK JETS,1450.6873859140828
2022-12-11,DETROIT LIONS,1459.894299389147
2022-12-11,MINNESOTA VIKINGS,1573.1977435683973
2022-12-17,MINNESOTA VIKINGS,1581.3071048556676
2022-12-17,INDIANAPOLIS COLTS,1481.7983331499838
2022-12-17,CLEVELAND BROWNS,1448.7937809859493
2022-12-17,BALTIMORE RAVENS,1526.0906592780516
2022-12-17,BUFFALO BILLS,1659.1406017195213
2022-12-17,MIAMI DOLPHINS,1524.9228066542446
2022-12-18,NEW YORK JETS,1435.3274878783939
2022-12-18,DETROIT LIONS,1475.2541974248359
2022-12-18,NEW ORLEANS SAINTS,1555.3776402197743
2022-12-18,ATLANTA FALCONS,1409.5413818662087
2022-12-18,DENVER BRONCOS,1440.1753001674474
2022-12-18,ARIZONA CARDINALS,1502.6275065404188
2022-12-18,CAROLINA PANTHERS,1344.6539822532588
2022-12-18,PITTSBURGH STEELERS,1485.4131953370745
2022-12-18,LOS ANGELES CHARGERS,1460.0642588520252
2022-12-18,TENNESSEE TITANS,1503.5152230579374
2022-12-18,WASHINGTON COMMANDERS,1488.8114672490028
2022-12-18,NEW YORK GIANTS,1444.545719869006
2022-12-18,LAS VEGAS RAIDERS,1581.6346336424779
2022-12-18,NEW ENGLAND PATRIOTS,1528.5321287128986
2022-12-19,GREEN BAY PACKERS,1527.521527092765
2022-12-19,LOS ANGELES RAMS,1419.6332179492224
2022-12-22,NEW YORK JETS,1397.7464845492862
2022-12-22,JACKSONVILLE JAGUARS,1372.2360976530256
2022-12-24,DALLAS COWBOYS,1630.6372027138173
2022-12-24,PHILADELPHIA EAGLES,1604.2460117051044
2022-12-24,SAN FRANCISCO 49ERS,1691.9599445747588
2022-12-24,WASHINGTON COMMANDERS,1478.76556063107
2022-12-24,TENNESSEE TITANS,1478.7079422037257
2022-12-24,HOUSTON TEXANS,1389.4297160154786
2022-12-24,PITTSBURGH STEELERS,1500.6281484241426
2022-12-24,LAS VEGAS RAIDERS,1566.4196805554097
2022-12-24,KANSAS CITY CHIEFS,1676.2328004076817
2022-12-24,SEATTLE SEAHAWKS,1479.3685585337878
2022-12-24,CLEVELAND BROWNS,1431.4704158217894
2022-12-24,NEW ORLEANS SAINTS,1572.7010053839342
2022-12-24,BALTIMORE RAVENS,1537.1545857599142
2022-12-24,ATLANTA FALCONS,1398.477455384346
2022-12-24,MINNESOTA VIKINGS,1587.6577451230662
2022-12-24,NEW YORK GIANTS,1438.1950796016074
2022-12-25,MIAMI DOLPHINS,1503.0713527509126
2022-12-25,GREEN BAY PACKERS,1549.3729809960969
2023-01-01,NEW YORK GIANTS,1470.596029675318
2023-01-01,INDIANAPOLIS COLTS,1449.3973830762732
2023-01-01,NEW ENGLAND PATRIOTS,1536.7191375737934
2023-01-01,MIAMI DOLPHINS,1494.8843438900178
2023-01-01,PHILADELPHIA EAGLES,1575.5436466730516
2023-01-01,NEW ORLEANS SAINTS,1601.403370415987
2023-01-01,ATLANTA FALCONS,1406.2102424964528
2023-01-01,ARIZONA CARDINALS,1494.894719428312
2023-01-01,DETROIT LIONS,1497.3741358524842
2023-01-01,CHICAGO BEARS,1390.0041629267387
2023-01-01,KANSAS CITY CHIEFS,1680.094235988136
2023-01-01,DENVER BRONCOS,1436.313864586993
2023-01-01,LOS ANGELES CHARGERS,1481.7509783755886
2023-01-01,LOS ANGELES RAMS,1397.946498425659
2023-01-01,BALTIMORE RAVENS,1520.4181509128728
2023-01-01,PITTSBURGH STEELERS,1517.364583271184
2023-01-01,WASHINGTON COMMANDERS,1445.4820594064252
2023-01-01,CLEVELAND BROWNS,1464.7539170464343
2023-01-01,GREEN BAY PACKERS,1579.783269272225
2023-01-01,MINNESOTA VIKINGS,1557.2474568469381
2023-01-01,TAMPA BAY BUCCANEERS,1550.7271918938254
2023-01-01,CAROLINA PANTHERS,1338.1073212138529
2023-01-07,JACKSONVILLE JAGUARS,1390.2754783140358
2023-01-07,TENNESSEE TITANS,1460.6685615427155
2023-01-08,GREEN BAY PACKERS,1558.9379587866615
2023-01-08,DETROIT LIONS,1518.2194463380476
2023-01-08,SAN FRANCISCO 49ERS,1703.0590644542385
2023-01-08,ARIZONA CARDINALS,1483.7955995488323
2023-01-08,PHILADELPHIA EAGLES,1585.876643524662
2023-01-08,NEW YORK GIANTS,1460.2630328237076
2023-01-08,PITTSBURGH STEELERS,1535.4320392748666
2023-01-08,CLEVELAND BROWNS,1446.6864610427517
2023-01-08,NEW ORLEANS SAINTS,1580.5236796971299
2023-01-08,CAROLINA PANTHERS,1358.98701193271
2023-01-08,DENVER BRONCOS,1449.7369909102954
2023-01-08,LOS ANGELES CHARGERS,1468.3278520522863
2023-01-08,INDIANAPOLIS COLTS,1440.7066292888587
2023-01-08,HOUSTON TEXANS,1398.120469802893
2023-01-08,CINCINNATI BENGALS,1558.9401870967301
2023-01-08,BALTIMORE RAVENS,1501.4643296952052
2023-01-08,BUFFALO BILLS,1671.7094256812495
2023-01-08,NEW ENGLAND PATRIOTS,1524.1503136120652
2023-01-08,ATLANTA FALCONS,1437.9618337806965
2023-01-08,TAMPA BAY BUCCANEERS,1518.9756006095818
2023-01-08,SEATTLE SEAHAWKS,1487.544665625046
2023-01-08,LOS ANGELES RAMS,1389.7703913344008
2023-01-08,MIAMI DOLPHINS,1504.7402491887835
2023-01-08,NEW YORK JETS,1387.8905792505204
2023-01-14,SAN FRANCISCO 49ERS (2),1524.2164017998318
2023-01-14,SEATTLE SEAHAWKS (7),1475.7835982001682
2023-01-15,CINCINNATI BENGALS (3),1517.102270500045
2023-01-15,BALTIMORE RAVENS (6),1482.897729499955
2023-01-15,MINNESOTA VIKINGS (3),1476.527801394097
2023-01-15,NEW YORK GIANTS (6),1523.472198605903
2023-01-15,BUFFALO BILLS (2),1517.9033528444427
2023-01-15,MIAMI DOLPHINS (7),1488.8890262851887
2023-01-21,KANSAS CITY CHIEFS (1),1527.2256755486646
2023-01-21,JACKSONVILLE JAGUARS (4),1483.5891718276112
2023-01-21,PHILADELPHIA EAGLES (1),1531.0756653520973
2023-01-21,NEW YORK GIANTS (6),1492.3965332538057
2023-01-22,BUFFALO BILLS (2),1485.225799871049
2023-01-22,CINCINNATI BENGALS (3),1549.7798234734387
2023-01-22,SAN FRANCISCO 49ERS (2),1539.7893669538914
2023-01-22,DALLAS COWBOYS (5),1484.4270348459404
2023-01-29,KANSAS CITY CHIEFS (1),1539.6150357191154
2023-01-29,CINCINNATI BENGALS (3),1537.3904633029879
2023-01-29,PHILADELPHIA EAGLES (1),1558.4259140147426
2023-01-29,SAN FRANCISCO 49ERS (2),1512.4391182912461
2023-02-12,PHILADELPHIA EAGLES (1),1542.2055804719846
2023-02-12,KANSAS CITY CHIEFS (1),1555.8353692618734
2023-09-07,KANSAS CITY CHIEFS,1625.6494613147238
2023-09-07,DETROIT LIONS,1523.0858004299141
2023-09-10,LOS ANGELES CHARGERS,1464.5334395948908
2023-09-10,MIAMI DOLPHINS,1515.2676363359117
2023-09-10,CHICAGO BEARS,1394.7905845652472
2023-09-10,GREEN BAY PACKERS,1566.916006719803
2023-09-10,DENVER BRONCOS,1456.1095361848056
2023-09-10,LAS VEGAS RAIDERS,1556.0079674144733
2023-09-10,SEATTLE SEAHAWKS,1453.695293836444
2023-09-10,LOS ANGELES RAMS,1454.290998883141
2023-09-10,WASHINGTON COMMANDERS,1473.8160103272298
2023-09-10,ARIZONA CARDINALS,1473.1422338892135
2023-09-10,BALTIMORE RAVENS,1518.0961616625618
2023-09-10,HOUSTON TEXANS,1406.5924379610117
2023-09-10,MINNESOTA VIKINGS,1526.4241655905446
2023-09-10,TAMPA BAY BUCCANEERS,1530.7431275018455
2023-09-10,NEW ORLEANS SAINTS,1564.330912671595
2023-09-10,TENNESSEE TITANS,1466.563268258289
2023-09-10,ATLANTA FALCONS,1471.043389584064
2023-09-10,CAROLINA PANTHERS,1376.6682447009907
2023-09-14,PHILADELPHIA EAGLES,1578.1968568484958
2023-09-14,MINNESOTA VIKINGS,1512.6347913855454
2023-09-17,DETROIT LIONS,1498.3420637168297
2023-09-17,SEATTLE SEAHAWKS,1478.4390305495285
2023-09-17,ATLANTA FALCONS,1478.6453126296076
2023-09-17,GREEN BAY PACKERS,1559.3140836742593
2023-09-17,BUFFALO BILLS,1649.4033404812233
2023-09-17,LAS VEGAS RAIDERS,1535.3866961941872
2023-09-17,CINCINNATI BENGALS,1527.7693740782738
2023-09-17,BALTIMORE RAVENS,1534.5319279068356
2023-09-17,DALLAS COWBOYS,1609.163193650181
2023-09-17,NEW YORK JETS,1404.7326428230724
2023-09-17,TAMPA BAY BUCCANEERS,1541.7701141584646
2023-09-17,CHICAGO BEARS,1383.763597908628
2023-09-17,DENVER BRONCOS,1444.151387496169
2023-09-17,WASHINGTON COMMANDERS,1485.7741590158664
2023-09-17,HOUSTON TEXANS,1381.3792986351405
2023-09-17,INDIANAPOLIS COLTS,1480.7431112925153
2023-09-21,SAN FRANCISCO 49ERS,1663.1098903531135
2023-09-21,NEW YORK GIANTS,1459.381682605346
2023-09-24,GREEN BAY PACKERS,1565.1232139506408
2023-09-24,NEW ORLEANS SAINTS,1558.5217823952134
2023-09-24,JACKSONVILLE JAGUARS,1380.9631923919512
2023-09-24,HOUSTON TEXANS,1418.1227149787162
2023-09-24,CLEVELAND BROWNS,1487.1460771961958
2023-09-24,TENNESSEE TITANS,1439.432036844157
2023-09-24,DETROIT LIONS,1518.987506836725
2023-09-24,ATLANTA FALCONS,1457.9998695097122
2023-09-24,BALTIMORE RAVENS,1517.3160538787176
2023-09-24,INDIANAPOLIS COLTS,1497.9589853206332
2023-09-24,MINNESOTA VIKINGS,1492.8280638185322
2023-09-24,LOS ANGELES CHARGERS,1484.340167161904
2023-09-24,SEATTLE SEAHAWKS,1491.3566955312413
2023-09-24,CAROLINA PANTHERS,1363.750579719278
2023-09-24,KANSAS CITY CHIEFS,1635.0114590227854
2023-09-24,CHICAGO BEARS,1374.4016002005665
2023-09-24,LAS VEGAS RAIDERS,1514.8115298819134
2023-09-24,PITTSBURGH STEELERS,1547.1491957684236
2023-09-24,MIAMI DOLPHINS,1539.5189536352689
2023-09-24,DENVER BRONCOS,1419.9000701968118
2023-09-25,CINCINNATI BENGALS,1536.2332094719463
2023-09-25,LOS ANGELES RAMS,1445.8271634894684
2023-10-01,LOS ANGELES CHARGERS,1503.4558222027206
2023-10-01,LAS VEGAS RAIDERS,1495.6958748410968
2023-10-01,DALLAS COWBOYS,1629.418544383446
2023-10-01,NEW ENGLAND PATRIOTS,1497.8573844757839
2023-10-01,SAN FRANCISCO 49ERS,1673.6879389707071
2023-10-01,ARIZONA CARDINALS,1462.5641852716199
2023-10-01,PHILADELPHIA EAGLES,1585.984966106594
2023-10-01,WASHINGTON COMMANDERS,1477.9860497577683
2023-10-01,BUFFALO BILLS,1666.886294804086
2023-10-01,MIAMI DOLPHINS,1522.0359993124061
2023-10-01,NEW ORLEANS SAINTS,1524.8311661094674
2023-10-01,TAMPA BAY BUCCANEERS,1575.4607304442106
2023-10-01,ATLANTA FALCONS,1421.5766690104717
2023-10-01,JACKSONVILLE JAGUARS,1417.3863928911917
2023-10-05,WASHINGTON COMMANDERS,1437.456727966613
2023-10-05,CHICAGO BEARS,1414.9309219917218
2023-10-08,DENVER BRONCOS,1392.0319901683629
2023-10-08,NEW YORK JETS,1432.6007228515214
2023-10-08,SAN FRANCISCO 49ERS,1697.8364062832513
2023-10-08,DALLAS COWBOYS,1605.2700770709018
2023-10-08,MIAMI DOLPHINS,1539.7677725222402
2023-10-08,NEW YORK GIANTS,1441.649909395512
2023-10-08,NEW ENGLAND PATRIOTS,1459.925376403524
2023-10-08,NEW ORLEANS SAINTS,1562.7631741817272
2023-10-08,DETROIT LIONS,1531.3323203782784
2023-10-08,CAROLINA PANTHERS,1351.4057661777247
2023-10-08,ATLANTA FALCONS,1430.4947343792317
2023-10-08,HOUSTON TEXANS,1409.2046496099563
2023-10-08,JACKSONVILLE JAGUARS,1442.2087503020646
2023-10-08,BUFFALO BILLS,1642.063937393213
2023-10-09,LAS VEGAS RAIDERS,1512.348983611578
2023-10-09,GREEN BAY PACKERS,1548.4701051801596
2023-10-12,KANSAS CITY CHIEFS,1641.685316723025
2023-10-12,DENVER BRONCOS,1385.3581324681234
2023-10-15,MIAMI DOLPHINS,1550.7709067649585
2023-10-15,CAROLINA PANTHERS,1340.4026319350064
2023-10-15,TENNESSEE TITANS,1419.1162361788288
2023-10-15,BALTIMORE RAVENS,1537.6318545440458
2023-10-15,CINCINNATI BENGALS,1547.320975112945
2023-10-15,SEATTLE SEAHAWKS,1480.2689298902426
2023-10-15,ATLANTA FALCONS,1406.0377487723842
2023-10-15,WASHINGTON COMMANDERS,1461.9137135734604
2023-10-15,LOS ANGELES RAMS,1471.1206196706785
2023-10-15,ARIZONA CARDINALS,1437.2707290904098
2023-10-15,BUFFALO BILLS,1648.064840574524
2023-10-15,NEW YORK GIANTS,1435.649006214201
2023-10-15,JACKSONVILLE JAGUARS,1471.1650064812206
2023-10-15,INDIANAPOLIS COLTS,1469.0027291414772
2023-10-15,LAS VEGAS RAIDERS,1523.095153114522
2023-10-15,NEW ENGLAND PATRIOTS,1449.17920690058
2023-10-19,NEW ORLEANS SAINTS,1535.4976554628831
2023-10-19,JACKSONVILLE JAGUARS,1498.4305252000647
2023-10-22,KANSAS CITY CHIEFS,1654.0048160241868
2023-10-22,LOS ANGELES CHARGERS,1491.1363229015587
2023-10-22,BALTIMORE RAVENS,1565.7087986611566
2023-10-22,DETROIT LIONS,1503.2553762611676
2023-10-22,TAMPA BAY BUCCANEERS,1555.724069691934
2023-10-22,ATLANTA FALCONS,1425.774409524661
2023-10-22,LOS ANGELES RAMS,1451.7682325768158
2023-10-22,PITTSBURGH STEELERS,1566.5015828622863
2023-10-22,SEATTLE SEAHAWKS,1496.916614415207
2023-10-22,ARIZONA CARDINALS,1420.6230445654453
2023-10-22,DENVER BRONCOS,1398.9868562569325
2023-10-22,GREEN BAY PACKERS,1534.8413813913505
2023-10-22,PHILADELPHIA EAGLES,1605.3918994939709
2023-10-22,MIAMI DOLPHINS,1531.3639733775815
2023-10-26,BUFFALO BILLS,1659.0008264071776
2023-10-26,TAMPA BAY BUCCANEERS,1544.7880838592803
2023-10-29,SAN FRANCISCO 49ERS,1659.9185997708385
2023-10-29,CINCINNATI BENGALS,1585.238781625358
2023-10-29,LOS ANGELES CHARGERS,1508.575685426662
2023-10-29,CHICAGO BEARS,1397.4915594666186
2023-10-29,MIAMI DOLPHINS,1547.2822323494213
2023-10-29,NEW ENGLAND PATRIOTS,1433.2609479287403
2023-10-29,DALLAS COWBOYS,1618.706808577495
2023-10-29,LOS ANGELES RAMS,1438.3315010702227
2023-10-29,SEATTLE SEAHAWKS,1509.6694300065053
2023-10-29,CLEVELAND BROWNS,1474.3932616048976
2023-10-30,DETROIT LIONS,1525.955198396665
2023-10-30,LAS VEGAS RAIDERS,1500.3953309790245
2023-11-02,PITTSBURGH STEELERS,1573.509921536833
2023-11-02,TENNESSEE TITANS,1412.1078975042822
2023-11-05,MIAMI DOLPHINS,1529.967869853302
2023-11-05,KANSAS CITY CHIEFS,1671.319178520306
2023-11-05,ATLANTA FALCONS,1412.4651435894275
2023-11-05,MINNESOTA VIKINGS,1506.1373297537657
2023-11-05,BALTIMORE RAVENS,1589.0910299973957
2023-11-05,SEATTLE SEAHAWKS,1486.2871986702662
2023-11-05,CLEVELAND BROWNS,1496.5174335115757
2023-11-05,ARIZONA CARDINALS,1398.4988726587671
2023-11-05,CINCINNATI BENGALS,1605.574258574248
2023-11-05,BUFFALO BILLS,1638.6653494582874
2023-11-05,NEW ORLEANS SAINTS,1544.9675215859002
2023-11-05,CHICAGO BEARS,1388.0216933436016
2023-11-05,NEW ENGLAND PATRIOTS,1418.5252155935034
2023-11-05,WASHINGTON COMMANDERS,1476.6494459086973
2023-11-05,GREEN BAY PACKERS,1550.785267815824
2023-11-05,LOS ANGELES RAMS,1422.3876146457492
2023-11-05,LAS VEGAS RAIDERS,1520.798794532398
2023-11-05,NEW YORK GIANTS,1415.2455426608276
2023-11-05,PHILADELPHIA EAGLES,1620.876608538205
2023-11-05,DALLAS COWBOYS,1603.222099533261
2023-11-05,HOUSTON TEXANS,1422.2174945001052
2023-11-05,TAMPA BAY BUCCANEERS,1531.7752389691314
2023-11-09,CHICAGO BEARS,1397.4646465679555
2023-11-09,CAROLINA PANTHERS,1330.9596787106525
2023-11-12,BALTIMORE RAVENS,1574.6677879069964
2023-11-12,CLEVELAND BROWNS,1510.940675601975
2023-11-12,NEW ENGLAND PATRIOTS,1402.2547982928982
2023-11-12,INDIANAPOLIS COLTS,1485.2731464420824
2023-11-12,PITTSBURGH STEELERS,1585.6343696701083
2023-11-12,GREEN BAY PACKERS,1538.6608196825487
2023-11-12,CINCINNATI BENGALS,1585.6188682534419
2023-11-12,HOUSTON TEXANS,1442.1728848209113
2023-11-12,DALLAS COWBOYS,1615.6927010613697
2023-11-12,NEW YORK GIANTS,1402.7749411327188
2023-11-12,TAMPA BAY BUCCANEERS,1545.2161154465132
2023-11-12,TENNESSEE TITANS,1398.6670210269003
2023-11-12,SEATTLE SEAHAWKS,1497.2774927074622
2023-11-12,WASHINGTON COMMANDERS,1465.6591518715013
2023-11-13,BUFFALO BILLS,1622.2909345743926
2023-11-13,DENVER BRONCOS,1415.3612711408273
2023-11-16,BALTIMORE RAVENS,1597.8686874953546
2023-11-16,CINCINNATI BENGALS,1562.4179686650837
2023-11-19,DETROIT LIONS,1534.4897666826553
2023-11-19,CHICAGO BEARS,1388.9300782819653
2023-11-19,CLEVELAND BROWNS,1525.458612152154
2023-11-19,PITTSBURGH STEELERS,1571.1164331199293
2023-11-19,JACKSONVILLE JAGUARS,1514.9808790321358
2023-11-19,TENNESSEE TITANS,1382.1166671948292
2023-11-19,MIAMI DOLPHINS,1546.4830637334644
2023-11-19,LAS VEGAS RAIDERS,1504.2836006522357
2023-11-19,HOUSTON TEXANS,1454.577918788935
2023-11-19,ARIZONA CARDINALS,1386.0938386907435
2023-11-19,BUFFALO BILLS,1633.9449337459935
2023-11-19,NEW YORK JETS,1420.9467236799205
2023-11-19,LOS ANGELES RAMS,1429.649807722219
2023-11-19,SEATTLE SEAHAWKS,1490.0152996309923
2023-11-19,DENVER BRONCOS,1422.8816811477154
2023-11-19,MINNESOTA VIKINGS,1498.6169197468776
2023-11-19,SAN FRANCISCO 49ERS,1673.3209526008736
2023-11-19,TAMPA BAY BUCCANEERS,1531.813762616478
2023-11-19,WASHINGTON COMMANDERS,1433.35697790112
2023-11-19,NEW YORK GIANTS,1435.0771151031001
2023-11-20,KANSAS CITY CHIEFS,1651.4378617661619
2023-11-20,PHILADELPHIA EAGLES,1640.757925292349
2023-11-23,DETROIT LIONS,1511.2125000253504
2023-11-23,GREEN BAY PACKERS,1561.9380863398535
2023-11-23,DALLAS COWBOYS,1628.8400897868275
2023-11-23,WASHINGTON COMMANDERS,1420.2095891756621
2023-11-26,INDIANAPOLIS COLTS,1505.4836452370068
2023-11-26,TAMPA BAY BUCCANEERS,1511.6032638215536
2023-11-26,PHILADELPHIA EAGLES,1651.8680225643468
2023-11-26,BUFFALO BILLS,1622.8348364739957
2023-11-26,DENVER BRONCOS,1455.0237430190707
2023-11-26,CLEVELAND BROWNS,1493.3165502807988
2023-11-26,TENNESSEE TITANS,1396.0745578002318
2023-11-26,CAROLINA PANTHERS,1317.00178810525
2023-11-27,MINNESOTA VIKINGS,1483.8840490413518
2023-11-27,CHICAGO BEARS,1403.662948987491
2023-11-30,DALLAS COWBOYS,1637.66744596559
2023-11-30,SEATTLE SEAHAWKS,1481.1879434522298
2023-12-03,LOS ANGELES RAMS,1459.1581299315046
2023-12-03,CLEVELAND BROWNS,1463.8082280715132
2023-12-03,TAMPA BAY BUCCANEERS,1516.385157664672
2023-12-03,CAROLINA PANTHERS,1312.2198942621314
2023-12-03,HOUSTON TEXANS,1469.3389621252281
2023-12-03,DENVER BRONCOS,1440.2626996827776
2023-12-03,PITTSBURGH STEELERS,1532.0859357695185
2023-12-03,ARIZONA CARDINALS,1425.1243360411543
2023-12-04,JACKSONVILLE JAGUARS,1500.864744056741
2023-12-04,CINCINNATI BENGALS,1576.5341036404784
2023-12-07,PITTSBURGH STEELERS,1513.070697253012
2023-12-07,NEW ENGLAND PATRIOTS,1421.2700368094047
2023-12-10,BALTIMORE RAVENS,1606.7008379274598
2023-12-10,LOS ANGELES RAMS,1450.3259794993994
2023-12-10,CLEVELAND BROWNS,1478.9486559013126
2023-12-10,JACKSONVILLE JAGUARS,1485.7243162269417
2023-12-10,ATLANTA FALCONS,1398.9231696114732
2023-12-10,TAMPA BAY BUCCANEERS,1529.9271316426264
2023-12-10,LOS ANGELES CHARGERS,1471.8802994300306
2023-12-10,DENVER BRONCOS,1476.958085679409
2023-12-10,CINCINNATI BENGALS,1595.317900560422
2023-12-10,INDIANAPOLIS COLTS,1486.6998483170632
2023-12-10,SAN FRANCISCO 49ERS,1682.2795572965256
2023-12-10,SEATTLE SEAHAWKS,1472.2293387565778
2023-12-10,KANSAS CITY CHIEFS,1634.9293663660987
2023-12-10,BUFFALO BILLS,1639.3433318740588
2023-12-10,DALLAS COWBOYS,1664.0642912058306
2023-12-10,PHILADELPHIA EAGLES,1625.4711773241063
2023-12-10,NEW ORLEANS SAINTS,1553.8541299936812
2023-12-10,CAROLINA PANTHERS,1303.3332858543504
2023-12-11,MIAMI DOLPHINS,1536.7786666226448
2023-12-11,TENNESSEE TITANS,1405.7789549110514
2023-12-14,LAS VEGAS RAIDERS,1531.5452695490287
2023-12-14,LOS ANGELES CHARGERS,1444.6186305332376
2023-12-16,INDIANAPOLIS COLTS,1512.8864643765064
2023-12-16,PITTSBURGH STEELERS,1486.8840811935688
2023-12-16,CINCINNATI BENGALS,1602.4646472039315
2023-12-16,MINNESOTA VIKINGS,1476.7373023978423
2023-12-16,DETROIT LIONS,1534.652026367481
2023-12-16,DENVER BRONCOS,1453.518559337278
2023-12-17,MIAMI DOLPHINS,1554.127519969149
2023-12-17,NEW YORK JETS,1403.5978703334163
2023-12-17,GREEN BAY PACKERS,1529.4969837970602
2023-12-17,TAMPA BAY BUCCANEERS,1562.3682341854196
2023-12-17,NEW ORLEANS SAINTS,1568.5286791825183
2023-12-17,NEW YORK GIANTS,1420.402565914263
2023-12-17,TENNESSEE TITANS,1392.3098999065094
2023-12-17,HOUSTON TEXANS,1482.8080171297702
2023-12-17,BUFFALO BILLS,1667.1835393305557
2023-12-17,DALLAS COWBOYS,1636.2240837493337
2023-12-17,LOS ANGELES RAMS,1466.3986854538216
2023-12-17,WASHINGTON COMMANDERS,1404.13688322124
2023-12-17,CLEVELAND BROWNS,1487.3464773348742
2023-12-17,CHICAGO BEARS,1395.2651275539295
2023-12-21,LOS ANGELES RAMS,1490.8103756260432
2023-12-21,NEW ORLEANS SAINTS,1544.1169890102967
2023-12-24,ATLANTA FALCONS,1433.0029080588135
2023-12-24,INDIANAPOLIS COLTS,1478.806725929166
2023-12-24,NEW YORK JETS,1412.651742598975
2023-12-24,WASHINGTON COMMANDERS,1395.0830109556812
2023-12-24,CHICAGO BEARS,1418.0587451015924
2023-12-24,ARIZONA CARDINALS,1402.3307184934913
2023-12-24,MIAMI DOLPHINS,1565.824650488002
2023-12-24,DALLAS COWBOYS,1624.5269532304808
2023-12-24,DENVER BRONCOS,1436.9045958425704
2023-12-24,NEW ENGLAND PATRIOTS,1437.8840003041123
2023-12-25,PHILADELPHIA EAGLES,1632.657450266372
2023-12-25,NEW YORK GIANTS,1413.2162929719973
2023-12-25,SAN FRANCISCO 49ERS,1647.5369480707095
2023-12-25,BALTIMORE RAVENS,1641.4434471532759
2023-12-25,KANSAS CITY CHIEFS,1609.0313609575526
2023-12-25,LAS VEGAS RAIDERS,1557.4432749575749
2023-12-28,CLEVELAND BROWNS,1504.9005513011757
2023-12-28,NEW YORK JETS,1395.0976686326735
2023-12-30,DALLAS COWBOYS,1628.46539309823
2023-12-30,DETROIT LIONS,1530.713586499732
2023-12-31,INDIANAPOLIS COLTS,1493.4539652088024
2023-12-31,LAS VEGAS RAIDERS,1542.7960356779386
2023-12-31,BUFFALO BILLS,1672.7989625873704
2023-12-31,NEW ENGLAND PATRIOTS,1432.2685770472976
2023-12-31,CHICAGO BEARS,1444.52748818054
2023-12-31,ATLANTA FALCONS,1406.5341649798659
2023-12-31,JACKSONVILLE JAGUARS,1497.8129015803454
2023-12-31,CAROLINA PANTHERS,1291.2447005009467
2023-12-31,BALTIMORE RAVENS,1663.447194757883
2023-12-31,MIAMI DOLPHINS,1543.8209028833949
2023-12-31,HOUSTON TEXANS,1500.8156986622826
2023-12-31,TENNESSEE TITANS,1374.302218373997
2023-12-31,SEATTLE SEAHAWKS,1449.4487763805894
2023-12-31,PITTSBURGH STEELERS,1509.6646435695573
2023-12-31,DENVER BRONCOS,1454.507879857275
2023-12-31,LOS ANGELES CHARGERS,1427.015346518533
2023-12-31,KANSAS CITY CHIEFS,1626.6570492019891
2023-12-31,CINCINNATI BENGALS,1584.838958959495
2023-12-31,MINNESOTA VIKINGS,1444.7843796014497
2023-12-31,GREEN BAY PACKERS,1561.4499065934529
2023-12-31,TAMPA BAY BUCCANEERS,1534.3405138704795
2023-12-31,NEW ORLEANS SAINTS,1572.1447093252368
2023-12-31,PHILADELPHIA EAGLES,1608.7837007623787
2023-12-31,ARIZONA CARDINALS,1426.2044679974847
2024-01-07,NEW ORLEANS SAINTS,1585.9580512024208
2024-01-07,ATLANTA FALCONS,1392.7208231026818
2024-01-07,DETROIT LIONS,1544.5783981238073
2024-01-07,MINNESOTA VIKINGS,1430.9195679773743
2024-01-07,NEW ENGLAND PATRIOTS,1399.5390650786453
2024-01-07,NEW YORK JETS,1427.8271806013258
2024-01-07,CINCINNATI BENGALS,1601.996885142264
2024-01-07,CLEVELAND BROWNS,1487.7426251184065
2024-01-07,LOS ANGELES CHARGERS,1423.0728271123162
2024-01-07,KANSAS CITY CHIEFS,1630.599568608206
2024-01-07,SAN FRANCISCO 49ERS,1637.776182343822
2024-01-07,LOS ANGELES RAMS,1500.5711413529307
2024-01-07,LAS VEGAS RAIDERS,1557.8969572954072
2024-01-07,DENVER BRONCOS,1439.4069582398063
2024-01-07,GREEN BAY PACKERS,1572.4947886534856
2024-01-07,CHICAGO BEARS,1433.4826061205074
2024-01-13,KANSAS CITY CHIEFS (3),1524.6382611201693
2024-01-13,MIAMI DOLPHINS (6),1475.3617388798307
2024-01-14,DALLAS COWBOYS (2),1468.0194201319744
2024-01-14,GREEN BAY PACKERS (7),1531.9805798680256
2024-01-14,DETROIT LIONS (3),1505.7406885857113
2024-01-14,LOS ANGELES RAMS (6),1496.1126754001418
2024-01-15,BUFFALO BILLS (2),1510.8510303801252
2024-01-15,PITTSBURGH STEELERS (7),1462.9216131667336
2024-01-20,BALTIMORE RAVENS (1),1504.8190924430523
2024-01-20,HOUSTON TEXANS (4),1461.2921785741867
2024-01-20,SAN FRANCISCO 49ERS (1),1527.6051676742347
2024-01-20,GREEN BAY PACKERS (7),1519.8598444241568
2024-01-21,BUFFALO BILLS (2),1495.636353248139
2024-01-21,KANSAS CITY CHIEFS (3),1539.8529382521556
2024-01-21,DETROIT LIONS (3),1523.4221091793038
2024-01-21,TAMPA BAY BUCCANEERS (4),1482.3185794064075
2024-01-28,SAN FRANCISCO 49ERS (1),1538.8273484279518
2024-01-28,DETROIT LIONS (3),1512.1999284255867
2024-01-28,BALTIMORE RAVENS (1),1483.0287524790072
2024-01-28,KANSAS CITY CHIEFS (3),1561.6432782162008
2024-02-11,KANSAS CITY CHIEFS (3),1572.08294386821
2024-02-11,SAN FRANCISCO 49ERS (1),1528.3876827759427
2024-09-05,KANSAS CITY CHIEFS,1616.672950330783
2024-09-05,BALTIMORE RAVENS,1603.8621221937838
2024-09-06,GREEN BAY PACKERS,1535.2650166387475
2024-09-06,PHILADELPHIA EAGLES,1600.6938504231507
2024-09-08,NEW ORLEANS SAINTS,1575.4269427117506
2024-09-08,CAROLINA PANTHERS,1332.475121065775
2024-09-08,BUFFALO BILLS,1636.645838271799
2024-09-08,ARIZONA CARDINALS,1437.6067346668424
2024-09-08,CHICAGO BEARS,1464.466674767855
2024-09-08,TENNESSEE TITANS,1391.3719436030233
2024-09-08,CINCINNATI BENGALS,1549.2175710626555
2024-09-08,NEW ENGLAND PATRIOTS,1451.9343916030268
2024-09-08,ATLANTA FALCONS,1399.9224350434756
2024-09-08,PITTSBURGH STEELERS,1526.8666649607037
2024-09-08,MIAMI DOLPHINS,1542.828879866626
2024-09-08,JACKSONVILLE JAGUARS,1488.396473481179
2024-09-08,DETROIT LIONS,1547.5038514713817
2024-09-08,LOS ANGELES RAMS,1486.3583031361718
2024-09-08,CLEVELAND BROWNS,1467.1118950547634
2024-09-08,DALLAS COWBOYS,1620.0441186077142
2024-09-08,TAMPA BAY BUCCANEERS,1541.1387634281018
2024-09-08,WASHINGTON COMMANDERS,1405.9288801915188
2024-09-08,SEATTLE SEAHAWKS,1477.638727944716
2024-09-08,DENVER BRONCOS,1439.0030730205808
2024-09-08,LOS ANGELES CHARGERS,1470.7427914111106
2024-09-08,LAS VEGAS RAIDERS,1514.984546894682
2024-09-09,SAN FRANCISCO 49ERS,1614.2777260167747
2024-09-09,NEW YORK JETS,1434.9247961920862
2024-09-12,MIAMI DOLPHINS,1515.833901161459
2024-09-12,BUFFALO BILLS,1663.640816976966
2024-09-15,JACKSONVILLE JAGUARS,1467.3370621333675
2024-09-15,CLEVELAND BROWNS,1488.171306402575
2024-09-15,WASHINGTON COMMANDERS,1418.6057615550112
2024-09-15,NEW YORK GIANTS,1422.2353383655056
2024-09-15,DALLAS COWBOYS,1580.1746508258836
2024-09-15,NEW ORLEANS SAINTS,1615.296410493581
2024-09-15,BALTIMORE RAVENS,1585.749982205038
2024-09-15,LAS VEGAS RAIDERS,1533.0966868834278
2024-09-15,HOUSTON TEXANS,1514.5044413204184
2024-09-15,CHICAGO BEARS,1450.5740074441485
2024-09-15,DETROIT LIONS,1529.1091194829498
2024-09-15,TAMPA BAY BUCCANEERS,1559.5334954165337
2024-09-15,KANSAS CITY CHIEFS,1621.0160240512569
2024-09-15,CINCINNATI BENGALS,1544.8744973421817
2024-09-15,ARIZONA CARDINALS,1471.5444781334259
2024-09-15,LOS ANGELES RAMS,1452.4205596695883
2024-09-16,PHILADELPHIA EAGLES,1590.5919964841564
2024-09-16,ATLANTA FALCONS,1410.02428898247
2024-09-19,NEW YORK JETS,1462.0011568273123
2024-09-19,NEW ENGLAND PATRIOTS,1424.8580309678007
2024-09-22,SEATTLE SEAHAWKS,1506.8322400045677
2024-09-22,MIAMI DOLPHINS,1486.6403891016073
2024-09-22,TENNESSEE TITANS,1370.9593720497153
2024-09-22,GREEN BAY PACKERS,1555.6775881920555
2024-09-22,TAMPA BAY BUCCANEERS,1518.8553314147464
2024-09-22,DENVER BRONCOS,1479.6812370223681
2024-09-22,LAS VEGAS RAIDERS,1493.6337946733418
2024-09-22,CAROLINA PANTHERS,1371.938013275861
2024-09-22,NEW ORLEANS SAINTS,1598.901805295437
2024-09-22,PHILADELPHIA EAGLES,1606.9866016823005
2024-09-22,INDIANAPOLIS COLTS,1507.452603305155
2024-09-22,CHICAGO BEARS,1438.2118780455953
2024-09-22,CLEVELAND BROWNS,1463.5530526257082
2024-09-22,NEW YORK GIANTS,1446.8535921423725
2024-09-22,PITTSBURGH STEELERS,1542.6311526954526
2024-09-22,LOS ANGELES CHARGERS,1454.9783036763617
2024-09-23,CINCINNATI BENGALS,1520.3910293235112
2024-09-23,WASHINGTON COMMANDERS,1443.0892295736817
2024-09-23,BUFFALO BILLS,1676.0806455766503
2024-09-23,JACKSONVILLE JAGUARS,1454.8972335336832
2024-09-29,BALTIMORE RAVENS,1621.0655799631693
2024-09-29,BUFFALO BILLS,1640.765047818519
2024-09-29,ATLANTA FALCONS,1424.1842378453453
2024-09-29,NEW ORLEANS SAINTS,1584.7418564325617
2024-09-29,CHICAGO BEARS,1455.0839537973714
2024-09-29,LOS ANGELES RAMS,1435.5484839178123
2024-09-29,GREEN BAY PACKERS,1540.9832820430868
2024-09-29,MINNESOTA VIKINGS,1462.8839821319993
2024-09-29,HOUSTON TEXANS,1524.931190359666
2024-09-29,JACKSONVILLE JAGUARS,1444.4704844944356
2024-09-29,NEW YORK JETS,1454.455982167086
2024-09-29,DENVER BRONCOS,1487.2264116825945
2024-09-29,ARIZONA CARDINALS,1431.4559356633963
2024-09-29,WASHINGTON COMMANDERS,1483.1777720437112
2024-09-29,SAN FRANCISCO 49ERS,1624.5119373885052
2024-09-29,NEW ENGLAND PATRIOTS,1414.6238195960702
2024-09-30,DETROIT LIONS,1549.025228909563
2024-09-30,SEATTLE SEAHAWKS,1486.9161305779544
2024-09-30,MIAMI DOLPHINS,1446.1846759309824
2024-09-30,TENNESSEE TITANS,1411.4150852203402
2024-10-03,ATLANTA FALCONS,1445.4717605480541
2024-10-03,TAMPA BAY BUCCANEERS,1497.5678087120377
2024-10-06,WASHINGTON COMMANDERS,1506.7497114634534
2024-10-06,CLEVELAND BROWNS,1439.981113205966
2024-10-06,NEW YORK JETS,1432.8611398934734
2024-10-06,MINNESOTA VIKINGS,1484.478824405612
2024-10-06,JACKSONVILLE JAGUARS,1458.6005973001745
2024-10-06,INDIANAPOLIS COLTS,1493.322490499416
2024-10-06,CHICAGO BEARS,1474.3757163910382
2024-10-06,CAROLINA PANTHERS,1352.646250682194
2024-10-06,HOUSTON TEXANS,1540.7592718576843
2024-10-06,BUFFALO BILLS,1624.9369663205007
2024-10-06,PITTSBURGH STEELERS,1528.1868789733026
2024-10-06,DALLAS COWBOYS,1594.6189245480336
2024-10-06,SAN FRANCISCO 49ERS,1614.4633950941775
2024-10-06,ARIZONA CARDINALS,1441.504477957724
2024-10-06,SEATTLE SEAHAWKS,1458.9511521694478
2024-10-06,NEW YORK GIANTS,1474.818570550879
2024-10-06,DENVER BRONCOS,1511.094440730276
2024-10-06,LAS VEGAS RAIDERS,1469.7657656256604
2024-10-07,KANSAS CITY CHIEFS,1639.847504784373
2024-10-07,NEW ORLEANS SAINTS,1565.9103756994455
2024-10-13,CHICAGO BEARS,1497.5674608897127
2024-10-13,JACKSONVILLE JAGUARS,1435.4088528015
2024-10-13,BALTIMORE RAVENS,1631.6447541085422
2024-10-13,WASHINGTON COMMANDERS,1496.1705373180805
2024-10-13,GREEN BAY PACKERS,1557.8080912491664
2024-10-13,ARIZONA CARDINALS,1424.6796687516444
2024-10-13,PHILADELPHIA EAGLES,1613.3575228891577
2024-10-13,CLEVELAND BROWNS,1433.6101919991088
2024-10-13,TENNESSEE TITANS,1398.7781835431172
2024-10-13,INDIANAPOLIS COLTS,1505.959392176639
2024-10-20,ATLANTA FALCONS,1412.0363997432355
2024-10-20,SEATTLE SEAHAWKS,1492.3865129742665
2024-10-20,GREEN BAY PACKERS,1566.2709384851173
2024-10-20,HOUSTON TEXANS,1532.2964246217334
2024-10-20,NEW ENGLAND PATRIOTS,1383.9870334458674
2024-10-20,JACKSONVILLE JAGUARS,1466.0456389517028
2024-10-20,WASHINGTON COMMANDERS,1511.8129693480046
2024-10-20,CAROLINA PANTHERS,1337.00381865227
2024-10-20,BUFFALO BILLS,1634.3792309939129
2024-10-20,TENNESSEE TITANS,1389.335918869705
2024-10-20,MINNESOTA VIKINGS,1473.8406506065182
2024-10-20,DETROIT LIONS,1559.6634027086568
2024-10-20,LOS ANGELES RAMS,1452.2379100619642
2024-10-20,LAS VEGAS RAIDERS,1453.0763394815085
2024-10-20,SAN FRANCISCO 49ERS,1588.7909756840577
2024-10-20,KANSAS CITY CHIEFS,1665.519924194493
2024-10-20,INDIANAPOLIS COLTS,1518.5570540680571
2024-10-20,MIAMI DOLPHINS,1433.5870140395643
2024-10-27,CINCINNATI BENGALS,1493.7198461387322
2024-10-27,PHILADELPHIA EAGLES,1640.0287060739367
2024-10-27,MIAMI DOLPHINS,1425.6260111572583
2024-10-27,ARIZONA CARDINALS,1432.6406716339504
2024-10-27,DETROIT LIONS,1573.9302299185747
2024-10-27,TENNESSEE TITANS,1375.069091659787
2024-10-27,HOUSTON TEXANS,1543.113858250539
2024-10-27,INDIANAPOLIS COLTS,1507.7396204392517
2024-10-27,DENVER BRONCOS,1521.4459046028446
2024-10-27,CAROLINA PANTHERS,1326.6523547797012
2024-10-27,WASHINGTON COMMANDERS,1522.6091634004263
2024-10-27,CHICAGO BEARS,1486.771266837291
2024-10-27,SAN FRANCISCO 49ERS,1605.148690593844
2024-10-27,DALLAS COWBOYS,1578.2612096382472
2024-10-27,LOS ANGELES CHARGERS,1488.2757399273942
2024-10-27,NEW ORLEANS SAINTS,1532.612939448413
2024-10-28,PITTSBURGH STEELERS,1542.7998959871593
2024-10-28,NEW YORK GIANTS,1460.2055535370223
2024-10-31,NEW YORK JETS,1457.6752683943766
2024-10-31,HOUSTON TEXANS,1518.2997297496356
2024-11-03,BUFFALO BILLS,1638.8285456193644
2024-11-03,MIAMI DOLPHINS,1421.1766965318068
2024-11-03,BALTIMORE RAVENS,1649.6129449830541
2024-11-03,DENVER BRONCOS,1503.4777137283327
2024-11-03,TENNESSEE TITANS,1386.8571164528098
2024-11-03,NEW ENGLAND PATRIOTS,1372.1990086528447
2024-11-03,ATLANTA FALCONS,1436.294136171526
2024-11-03,DALLAS COWBOYS,1554.0034732099568
2024-11-03,MINNESOTA VIKINGS,1494.2840002119178
2024-11-03,INDIANAPOLIS COLTS,1487.296270833852
2024-11-03,PHILADELPHIA EAGLES,1646.8813178698558
2024-11-03,JACKSONVILLE JAGUARS,1459.1930271557837
2024-11-03,ARIZONA CARDINALS,1462.99771500135
2024-11-03,CHICAGO BEARS,1456.4142234698916
2024-11-03,CINCINNATI BENGALS,1513.9810654034109
2024-11-03,LAS VEGAS RAIDERS,1432.8151202168299
2024-11-04,KANSAS CITY CHIEFS,1673.186988097934
2024-11-04,TAMPA BAY BUCCANEERS,1489.9007448085965
2024-11-07,BALTIMORE RAVENS,1652.8053026499133
2024-11-07,CINCINNATI BENGALS,1510.7887077365517
2024-11-10,CAROLINA PANTHERS,1343.0131156627249
2024-11-10,NEW YORK GIANTS,1443.8447926539986
2024-11-10,CHICAGO BEARS,1419.6283146898913
2024-11-10,NEW ENGLAND PATRIOTS,1408.9849174328447
2024-11-10,KANSAS CITY CHIEFS,1677.4783226139061
2024-11-10,DENVER BRONCOS,1499.1863792123606
2024-11-10,WASHINGTON COMMANDERS,1515.1042928510344
2024-11-10,PITTSBURGH STEELERS,1550.3047665365511
2024-11-10,LOS ANGELES CHARGERS,1501.2139768530617
2024-11-10,TENNESSEE TITANS,1373.9188795271423
2024-11-11,LOS ANGELES RAMS,1425.9596697093698
2024-11-11,MIAMI DOLPHINS,1447.4549368844011
2024-11-14,PHILADELPHIA EAGLES,1657.1867652824442
2024-11-14,WASHINGTON COMMANDERS,1504.798845438446
2024-11-17,DENVER BRONCOS,1521.5252941674291
2024-11-17,ATLANTA FALCONS,1413.9552212164574
2024-11-17,DETROIT LIONS,1593.4799336616786
2024-11-17,JACKSONVILLE JAGUARS,1439.6433234126798
2024-11-17,MIAMI DOLPHINS,1469.0142595514624
2024-11-17,LAS VEGAS RAIDERS,1411.2557975497687
2024-11-17,SAN FRANCISCO 49ERS,1586.4905866099837
2024-11-17,SEATTLE SEAHAWKS,1511.0446169581269
2024-11-17,BUFFALO BILLS,1660.6097295417167
2024-11-17,KANSAS CITY CHIEFS,1655.6971386915538
2024-11-17,LOS ANGELES CHARGERS,1518.9390401074618
2024-11-17,CINCINNATI BENGALS,1493.0636444821516
2024-11-17,NEW YORK JETS,1450.3231875086437
2024-11-17,INDIANAPOLIS COLTS,1494.648351719585
2024-11-24,HOUSTON TEXANS,1493.3578165793092
2024-11-24,TENNESSEE TITANS,1398.8607926974687
2024-11-24,MIAMI DOLPHINS,1488.3875115250953
2024-11-24,NEW ENGLAND PATRIOTS,1389.6116654592117
2024-11-24,WASHINGTON COMMANDERS,1482.5188187040717
2024-11-24,DALLAS COWBOYS,1576.2834999443312
2024-11-24,GREEN BAY PACKERS,1596.1124776835381
2024-11-24,SAN FRANCISCO 49ERS,1556.6490474115628
2024-11-28,DALLAS COWBOYS,1586.0061531962808
2024-11-28,NEW YORK GIANTS,1434.122139402049
2024-11-28,DETROIT LIONS,1598.7852904935419
2024-11-28,CHICAGO BEARS,1414.322957858028
2024-11-28,GREEN BAY PACKERS,1609.950193632647
2024-11-28,MIAMI DOLPHINS,1474.5497955759865
2024-11-29,KANSAS CITY CHIEFS,1658.6250493555497
2024-11-29,LAS VEGAS RAIDERS,1408.3278868857728
2024-12-01,WASHINGTON COMMANDERS,1501.0793298631934
2024-12-01,TENNESSEE TITANS,1380.300281538347
2024-12-01,BALTIMORE RAVENS,1632.7568577956297
2024-12-01,PHILADELPHIA EAGLES,1677.2352101367278
2024-12-01,BUFFALO BILLS,1677.9882305111717
2024-12-01,SAN FRANCISCO 49ERS,1539.2705464421078
2024-12-01,NEW YORK JETS,1432.7463371203783
2024-12-01,SEATTLE SEAHAWKS,1528.6214673463924
2024-12-01,CINCINNATI BENGALS,1473.7497364786966
2024-12-01,PITTSBURGH STEELERS,1569.6186745400062
2024-12-01,MINNESOTA VIKINGS,1499.3306338777904
2024-12-01,ARIZONA CARDINALS,1457.9510813354773
2024-12-02,DENVER BRONCOS,1534.722672747697
2024-12-02,CLEVELAND BROWNS,1420.4128134188409
2024-12-05,DETROIT LIONS,1610.671567775916
2024-12-05,GREEN BAY PACKERS,1598.0639163502728
2024-12-08,PITTSBURGH STEELERS,1581.0103391602054
2024-12-08,CLEVELAND BROWNS,1409.0211487986417
2024-12-08,MIAMI DOLPHINS,1488.1258548154497
2024-12-08,NEW YORK JETS,1419.1702778809151
2024-12-08,MINNESOTA VIKINGS,1517.2469864480731
2024-12-08,ATLANTA FALCONS,1396.0388686461747
2024-12-08,NEW YORK GIANTS,1422.220777141211
2024-12-08,NEW ORLEANS SAINTS,1544.514301709251
2024-12-08,PHILADELPHIA EAGLES,1680.4152931023386
2024-12-08,CAROLINA PANTHERS,1339.833032697114
2024-12-08,TENNESSEE TITANS,1364.4383892900278
2024-12-08,JACKSONVILLE JAGUARS,1455.505215660999
2024-12-08,TAMPA BAY BUCCANEERS,1506.242156589658
2024-12-08,LAS VEGAS RAIDERS,1391.9864751047114
2024-12-08,ARIZONA CARDINALS,1433.6309032164445
2024-12-08,SEATTLE SEAHAWKS,1552.9416454654252
2024-12-08,SAN FRANCISCO 49ERS,1555.049073586987
2024-12-08,CHICAGO BEARS,1398.5444307131488
2024-12-08,KANSAS CITY CHIEFS,1663.58838264603
2024-12-08,LOS ANGELES CHARGERS,1513.9757068169815
2024-12-12,SAN FRANCISCO 49ERS,1528.3787851136822
2024-12-12,LOS ANGELES RAMS,1452.6299581826747
2024-12-15,CAROLINA PANTHERS,1326.8177938729707
2024-12-15,DALLAS COWBOYS,1599.0213920204242
2024-12-15,ARIZONA CARDINALS,1451.876192728493
2024-12-15,NEW ENGLAND PATRIOTS,1371.3663759471633
2024-12-15,HOUSTON TEXANS,1511.073601735955
2024-12-15,MIAMI DOLPHINS,1470.4100696588039
2024-12-15,DETROIT LIONS,1592.0065026453744
2024-12-15,BUFFALO BILLS,1696.6532956417132
2024-12-15,LOS ANGELES CHARGERS,1477.556872408344
2024-12-15,TAMPA BAY BUCCANEERS,1542.6609909982956
2024-12-15,PHILADELPHIA EAGLES,1695.160346640436
2024-12-15,PITTSBURGH STEELERS,1566.265285622108
2024-12-15,DENVER BRONCOS,1555.4109401841333
2024-12-15,INDIANAPOLIS COLTS,1473.9600842831487
2024-12-16,MINNESOTA VIKINGS,1531.9265952054466
2024-12-16,CHICAGO BEARS,1383.8648219557754
2024-12-19,LOS ANGELES CHARGERS,1499.489321424526
2024-12-19,DENVER BRONCOS,1533.4784911679512
2024-12-21,KANSAS CITY CHIEFS,1672.9226485955512
2024-12-21,HOUSTON TEXANS,1501.7393357864337
2024-12-21,BALTIMORE RAVENS,1650.9420067735384
2024-12-21,PITTSBURGH STEELERS,1548.0801366441992
2024-12-22,ATLANTA FALCONS,1426.2081419699766
2024-12-22,NEW YORK GIANTS,1392.0515038174092
2024-12-22,BUFFALO BILLS,1699.0345814906073
2024-12-22,NEW ENGLAND PATRIOTS,1368.9850900982692
2024-12-22,CINCINNATI BENGALS,1492.415040838535
2024-12-22,CLEVELAND BROWNS,1390.3558444388032
2024-12-22,INDIANAPOLIS COLTS,1485.3869762298002
2024-12-22,TENNESSEE TITANS,1353.0114973433763
2024-12-22,LAS VEGAS RAIDERS,1410.2724953058464
2024-12-22,JACKSONVILLE JAGUARS,1437.219195459864
2024-12-23,GREEN BAY PACKERS,1621.6914443873675
2024-12-23,NEW ORLEANS SAINTS,1520.8867736721563
2024-12-28,CINCINNATI BENGALS,1510.9764227140015
2024-12-28,DENVER BRONCOS,1514.9171092924848
2024-12-28,LOS ANGELES RAMS,1465.8290793095694
2024-12-28,ARIZONA CARDINALS,1438.6770716015983
2024-12-29,MINNESOTA VIKINGS,1543.8204011105229
2024-12-29,GREEN BAY PACKERS,1609.7976384822912
2024-12-29,PHILADELPHIA EAGLES,1714.8050218576439
2024-12-29,DALLAS COWBOYS,1579.3767168032164
2024-12-29,WASHINGTON COMMANDERS,1512.8883749630281
2024-12-29,ATLANTA FALCONS,1414.3990968701419
2024-12-29,BUFFALO BILLS,1706.3008397984509
2024-12-29,NEW YORK JETS,1411.9040195730715
2024-12-29,JACKSONVILLE JAGUARS,1449.3342467345324
2024-12-29,TENNESSEE TITANS,1340.896446068708
2024-12-29,TAMPA BAY BUCCANEERS,1553.6631882066097
2024-12-29,CAROLINA PANTHERS,1315.8155966646566
2025-01-04,BALTIMORE RAVENS,1658.9108213731356
2025-01-04,CLEVELAND BROWNS,1382.387029839206
2025-01-05,TENNESSEE TITANS,1325.4205164942653
2025-01-05,HOUSTON TEXANS,1517.2152653608764
2025-01-05,PHILADELPHIA EAGLES,1718.427624627448
2025-01-05,NEW YORK GIANTS,1388.428901047605
2025-01-05,GREEN BAY PACKERS,1593.53992691188
2025-01-05,CHICAGO BEARS,1400.1225335261865
2025-01-05,INDIANAPOLIS COLTS,1495.288017723593
2025-01-05,JACKSONVILLE JAGUARS,1439.4332052407397
2025-01-05,TAMPA BAY BUCCANEERS,1569.5650534892798
2025-01-05,NEW ORLEANS SAINTS,1504.9849083894862
2025-01-05,ATLANTA FALCONS,1388.6550374464923
2025-01-05,CAROLINA PANTHERS,1341.5596560883062
2025-01-05,ARIZONA CARDINALS,1473.0786886465887
2025-01-05,SAN FRANCISCO 49ERS,1493.9771680686918
2025-01-05,DENVER BRONCOS,1559.9961664331697
2025-01-05,KANSAS CITY CHIEFS,1627.8435914548663
2025-01-05,NEW YORK JETS,1437.7711157959513
2025-01-05,MIAMI DOLPHINS,1444.542973435924
2025-01-05,DETROIT LIONS,1613.3143045090303
2025-01-05,MINNESOTA VIKINGS,1522.512599246867
2025-01-11,BALTIMORE RAVENS (3),1522.2722332600597
2025-01-11,PITTSBURGH STEELERS (6),1477.7277667399403
2025-01-12,BUFFALO BILLS (2),1523.528597880526
2025-01-12,DENVER BRONCOS (7),1473.1986670555782
2025-01-12,PHILADELPHIA EAGLES (2),1522.2953711133844
2025-01-12,GREEN BAY PACKERS (7),1492.5995122047332
2025-01-12,TAMPA BAY BUCCANEERS (3),1484.3518675960647
2025-01-12,WASHINGTON COMMANDERS (6),1515.6481324039353
2025-01-13,LOS ANGELES RAMS (4),1571.0438720973286
2025-01-13,MINNESOTA VIKINGS (5),1480.2469815242728
2025-01-18,DETROIT LIONS (1),1470.3948606561719
2025-01-18,WASHINGTON COMMANDERS (6),1545.2532717477634
2025-01-18,KANSAS CITY CHIEFS (1),1556.0915504416366
2025-01-18,HOUSTON TEXANS (4),1456.7541104354086
2025-01-19,PHILADELPHIA EAGLES (2),1541.3502315920084
2025-01-19,LOS ANGELES RAMS (4),1551.9890116187046
2025-01-26,PHILADELPHIA EAGLES (2),1570.5320165492103
2025-01-26,WASHINGTON COMMANDERS (6),1516.0714867905615
2025-01-26,KANSAS CITY CHIEFS (1),1566.1331376830524
2025-01-26,BUFFALO BILLS (2),1513.4870106391102
2025-02-09,PHILADELPHIA EAGLES (2),1594.347944248337
2025-02-09,KANSAS CITY CHIEFS (1),1542.3172099839257
